name,price,image,link,discount,rating,reviews,price_category,value_score,phone_model,ram,storage,camera,battery,color,specification
"Nokia 5310, 2.4"" 16MB & 8MB RAM 1200mAh Battery- Black/Red",26400,https://ng.jumia.is/unsafe/fit-in/300x300/filters:fill(white)/product/70/913446/1.jpg?2798,https://www.jumia.com.ng/5310-2.4-16mb-8mb-ram-1200mah-battery-blackred-nokia-mpg7237858.html,25.0,4.0,22,Low,0.003485,nokia 5310,NOT SPECIFIED,NOT SPECIFIED,Not Specified,1200mAh,Black,"2.4"" 16MB & 8MB RAM Battery Red"
"itel it9320 4G Android Feature Phone, 2.8 Inch Touch Screen, 16GB ROM 2GB RAM, 3000mAh Battery, WiFi Hotspot",44000,https://ng.jumia.is/unsafe/fit-in/300x300/filters:fill(white)/product/90/3804914/1.jpg?7554,https://www.jumia.com.ng/it9320-4g-android-feature-phone-2.8-inch-touch-screen-16gb-rom-2gb-ram-3000mah-battery-wifi-hotspot-itel-mpg11974455.html,0.0,0.0,0,Low,0.0,itel 9320,2GB,16GB,Not Specified,3000mAh,Unknown,4G Android Feature Phone 2.8 Inch Touch Screen ROM RAM Battery WiFi Hotspot
"OPPO A57 3GB+32GB 5.2"" 16MP+13MP+16MP 2900mAh Finger Unlock Dual SIM - Black",63000,https://ng.jumia.is/unsafe/fit-in/300x300/filters:fill(white)/product/25/0673914/1.jpg?1017,https://www.jumia.com.ng/renewed-oppo-a57-3gb32gb-5.2-16mp13mp16mp-2900mah-finger-unlock-dual-sim-black-419376052.html,40.0,0.0,0,Low,0.0,oppo a57,3GB,32GB,16MP+13MP+16MP,2900mAh,Black,"5.2"" Finger Unlock Dual SIM"
"Vivo Y85 4Gb+64Gb 6.22"" Large Screen Dual Cameras Smartphone 4G 3260Mah-Black",64396,https://ng.jumia.is/unsafe/fit-in/300x300/filters:fill(white)/product/87/7090904/1.jpg?5079,https://www.jumia.com.ng/renewed-vivo-y85-4gb64gb-6.22-large-screen-dual-cameras-smartphone-4g-3260mah-black-409090778.html,55.0,3.8,15,Low,0.000944,vivo y85,4GB,64GB,Dual Camera,3260mAh,Black,"6 6.22"" Large Screen s Smartphone 4G"
"Vivo Y85 4Gb RAM+64Gb ROM 6.22"" Large Screen Dual Cameras Smartphone 4G  3260Mah-Gold",64396,https://ng.jumia.is/unsafe/fit-in/300x300/filters:fill(white)/product/24/8202214/1.jpg?5969,https://www.jumia.com.ng/renewed-vivo-y85-4gb-ram64gb-rom-6.22-large-screen-dual-cameras-smartphone-4g-3260mah-gold-412202842.html,58.0,4.2,5,Low,0.000391,vivo y85,4GB,64GB,Dual Camera,3260mAh,Gold,"RAM 6 ROM 6.22"" Large Screen s Smartphone 4G"
"VILLAON  V25 - 5.0"" 2GB RAM+ 64GB ROM 5MP 3000mAh - BLACK",64999,https://ng.jumia.is/unsafe/fit-in/300x300/filters:fill(white)/product/75/4582914/1.jpg?1394,https://www.jumia.com.ng/villaon-v25-5.0-2gb-ram-64gb-rom-5mp-3000mah-black-419285457.html,19.0,0.0,0,Low,0.0,villaon v25,2GB,64GB,Not Specified,3000mAh,Black,"5.0"" RAM ROM 5MP"
"OPPO A3s 4GB+64GB 6.2"" 8MP+13MP+2MP+8MP 4230mAh Face Unlock Dual SIM - Pink",70500,https://ng.jumia.is/unsafe/fit-in/300x300/filters:fill(white)/product/34/5673914/1.jpg?9706,https://www.jumia.com.ng/renewed-oppo-a3s-4gb64gb-6.2-8mp13mp2mp8mp-4230mah-face-unlock-dual-sim-pink-419376543.html,33.0,3.0,2,Low,0.000128,oppo a3s,4GB,64GB,8MP+13MP+2MP+8MP,4230mAh,Pink,"6 6.2"" Face Unlock Dual SIM"
"OPPO A3s 4GB+64GB 6.2"" 8MP+13MP+2MP+8MP 4230mAh Face Unlock Dual SIM - Red",70500,https://ng.jumia.is/unsafe/fit-in/300x300/filters:fill(white)/product/15/6573914/1.jpg?9954,https://www.jumia.com.ng/renewed-oppo-a3s-4gb64gb-6.2-8mp13mp2mp8mp-4230mah-face-unlock-dual-sim-red-419375651.html,33.0,3.0,2,Low,0.000128,oppo a3s,4GB,64GB,8MP+13MP+2MP+8MP,4230mAh,Red,"6 6.2"" Face Unlock Dual SIM"
"OPPO A3s 4GB+64GB 6.2"" 8MP+13MP+2MP+8MP 4230mAh Face Unlock Dual SIM - Blue",70500,https://ng.jumia.is/unsafe/fit-in/300x300/filters:fill(white)/product/15/2673914/1.jpg?9578,https://www.jumia.com.ng/renewed-oppo-a3s-4gb64gb-6.2-8mp13mp2mp8mp-4230mah-face-unlock-dual-sim-blue-419376251.html,33.0,0.0,0,Low,0.0,oppo a3s,4GB,64GB,8MP+13MP+2MP+8MP,4230mAh,Blue,"6 6.2"" Face Unlock Dual SIM"
Oppo MAMBA CERTIFIED  A3s 64G Long Battery 6.2'' 13MP 4230mAh Facial Unlock DUAL SIM Pink,73000,https://ng.jumia.is/unsafe/fit-in/300x300/filters:fill(white)/product/97/6894814/1.jpg?3905,https://www.jumia.com.ng/oppo-mamba-certified-a3s-64g-long-battery-6.2-13mp-4230mah-facial-unlock-dual-sim-pink-418498679.html,39.0,3.7,16,Low,0.000862,oppo a3s,NOT SPECIFIED,NOT SPECIFIED,Not Specified,4230mAh,Pink,Oppo MAMBA 64G Long Battery 6.2'' 13MP Facial Unlock DUAL SIM
Oppo MAMBA CERTIFIED  A3s 64G Long Battery 6.2'' 13MP 4230mAh Facial Unlock DUAL SIM Purple,73000,https://ng.jumia.is/unsafe/fit-in/300x300/filters:fill(white)/product/87/6894814/1.jpg?4247,https://www.jumia.com.ng/oppo-mamba-certified-a3s-64g-long-battery-6.2-13mp-4230mah-facial-unlock-dual-sim-purple-418498678.html,39.0,3.6,14,Low,0.00074,oppo a3s,NOT SPECIFIED,NOT SPECIFIED,Not Specified,4230mAh,Purple,Oppo MAMBA 64G Long Battery 6.2'' 13MP Facial Unlock DUAL SIM
AIEK M6  Mini Smartphone 2GB RAM 16GB ROM Android 7.0 Dual SIM Standby 3000mAh 3G Network Compact Mobile Phone,74480,https://ng.jumia.is/unsafe/fit-in/300x300/filters:fill(white)/product/50/6559814/1.jpg?7273,https://www.jumia.com.ng/aiek-m6-mini-smartphone-2gb-ram-16gb-rom-android-7.0-dual-sim-standby-3000mah-3g-network-compact-mobile-phone-418955605.html,18.0,3.0,1,Low,8.1e-05,aiek m6,2GB,16GB,Not Specified,3000mAh,Unknown,Mini Smartphone RAM ROM Android 7.0 Dual SIM Standby 3G Network Compact Mobile Phone
Vivo Y93s  Black 6GB 128GB 6.2'' HD+ Display 4230mAh Big Battery Face Unlock Smooth Octa-Core CPU + Free Power Bank,74500,https://ng.jumia.is/unsafe/fit-in/300x300/filters:fill(white)/product/80/4180914/1.jpg?1973,https://www.jumia.com.ng/renewed-vivo-y93s-black-6gb-128gb-6.2-hd-display-4230mah-big-battery-face-unlock-smooth-octa-core-cpu-free-power-bank-419081408.html,45.0,2.8,4,Low,0.000188,vivo y93s,6GB,128GB,Not Specified,4230mAh,Black,6.2'' HD Display Big Battery Face Unlock Smooth Octa Core CPU Free Power Bank
Vivo Y93s  Red 6GB 128GB 6.2'' HD+ Display 4230mAh Big Battery Face Unlock Smooth Octa-Core CPU + Free Power Bank,74500,https://ng.jumia.is/unsafe/fit-in/300x300/filters:fill(white)/product/58/2670914/1.jpg?0369,https://www.jumia.com.ng/renewed-vivo-y93s-red-6gb-128gb-6.2-hd-display-4230mah-big-battery-face-unlock-smooth-octa-core-cpu-free-power-bank-419076285.html,45.0,0.0,0,Low,0.0,vivo y93s,6GB,128GB,Not Specified,4230mAh,Red,6.2'' HD Display Big Battery Face Unlock Smooth Octa Core CPU Free Power Bank
"OPPO F7 6GB+128GB 6.23"" 25MP+16MP+25MP 3400mAh Face Unlock Dual SIM - Black",75000,https://ng.jumia.is/unsafe/fit-in/300x300/filters:fill(white)/product/87/8573914/1.jpg?0825,https://www.jumia.com.ng/renewed-oppo-f7-6gb128gb-6.23-25mp16mp25mp-3400mah-face-unlock-dual-sim-black-419375878.html,38.0,1.0,1,Low,2.7e-05,oppo f7,6GB,128GB,25MP+16MP+25MP,3400mAh,Black,"6.23"" Face Unlock Dual SIM"
"OPPO F7 6GB+128GB 6.23"" 25MP+16MP+25MP 3400mAh Face Unlock Dual SIM - Red",75000,https://ng.jumia.is/unsafe/fit-in/300x300/filters:fill(white)/product/78/4673914/1.jpg?2776,https://www.jumia.com.ng/renewed-oppo-f7-6gb128gb-6.23-25mp16mp25mp-3400mah-face-unlock-dual-sim-red-419376487.html,38.0,0.0,0,Low,0.0,oppo f7,6GB,128GB,25MP+16MP+25MP,3400mAh,Red,"6.23"" Face Unlock Dual SIM"
"IPhone 6 - 4.7"" - 1GB RAB/64GB ROM - 8Mpx - 4G - Reconditionné - 99.99%NEW - Space Grey",75514,https://ng.jumia.is/unsafe/fit-in/300x300/filters:fill(white)/product/52/8090904/1.jpg?6926,https://www.jumia.com.ng/renewed-iphone-6-4.7-1gb-rab64gb-rom-8mpx-4g-reconditionne-99.99new-space-grey-409090825.html,52.0,3.2,9,Low,0.000424,iphone 6,1GB,64GB,Not Specified,non,Grey,"4.7"" 1GB RAB ROM 8Mpx 4G Reconditionné 99.99%NEW Space"
itel A18 32GB ROM 2GB RAM ANDROID 12 GO EDITION FACE UNLOCK,76480,https://ng.jumia.is/unsafe/fit-in/300x300/filters:fill(white)/product/72/9451914/1.jpg?8524,https://www.jumia.com.ng/itel-a18-32gb-rom-2gb-ram-android-12-go-edition-face-unlock-419154927.html,8.0,0.0,0,Low,0.0,itel a18,2GB,32GB,Not Specified,non,Unknown,3 ROM RAM ANDROID 12 GO EDITION FACE UNLOCK
GEETIUM 4G Portable Fast Browsing Mini Android 4000Mah Phone,78200,https://ng.jumia.is/unsafe/fit-in/300x300/filters:fill(white)/product/27/5998014/1.jpg?7839,https://www.jumia.com.ng/geetium-4g-portable-fast-browsing-mini-android-4000mah-phone-410899572.html,28.0,4.3,8,Low,0.000495,geetium 4g portable fast browsing mini,NOT SPECIFIED,NOT SPECIFIED,Not Specified,4000mAh,Unknown,Portable Fast Browsing Mini Android Phone
"Iphone 6 - 4.7"" 1GB RAM+64GB ROM 99.9%NEW- 8Mpx Camera Touch ID Smartphone - 4G - Gold",78380,https://ng.jumia.is/unsafe/fit-in/300x300/filters:fill(white)/product/71/6090904/1.jpg?3291,https://www.jumia.com.ng/renewed-iphone-6-4.7-1gb-ram64gb-rom-99.9new-8mpx-camera-touch-id-smartphone-4g-gold-409090617.html,48.0,3.2,6,Low,0.000286,iphone 6,1GB,64GB,Not Specified,non,Gold,"4.7"" RAM ROM 99.9%NEW 8Mpx Camera Touch ID Smartphone 4G"
"Huawei Y9-6.5""-16 Mpx 6GB+128GB RAM Dual SIM -4000 MAh-Finger+Face Smartphone- Blue",78994,https://ng.jumia.is/unsafe/fit-in/300x300/filters:fill(white)/product/55/6090904/1.jpg?6534,https://www.jumia.com.ng/renewed-huawei-y9-6.5-16-mpx-6gb128gb-ram-dual-sim-4000-mah-fingerface-smartphone-blue-409090655.html,57.0,4.5,2,Low,0.000171,huawei y9,6GB,128GB,Not Specified,4000mAh,Blue,"6.5"" 16 Mpx RAM Dual SIM 4000 MAh Finger Face Smartphone"
"VILLAON V20 SE Smartphone / 5.0"" Big Display / 32GB ROM + 4GB RAM / 3000mAh Battery / Type-C Charging",80000,https://ng.jumia.is/unsafe/fit-in/300x300/filters:fill(white)/product/39/6290914/1.jpg?2236,https://www.jumia.com.ng/v20-se-smartphone-5.0-big-display-32gb-rom-4gb-ram-3000mah-battery-type-c-charging-villaon-mpg11909845.html,0.0,0.0,0,Low,0.0,villaon v20,4GB,32GB,Not Specified,3000mAh,Unknown,"SE Smartphone 5.0"" Big Display ROM RAM Battery Type C Charging"
"OPPO A31 6GB+128GB 6.5"" 8MP+12MP+2MP+2MP+8MP 4230mAh Finger Unlock Dual SIM - White",82500,https://ng.jumia.is/unsafe/fit-in/300x300/filters:fill(white)/product/66/6573914/1.jpg?0702,https://www.jumia.com.ng/renewed-oppo-a31-6gb128gb-6.5-8mp12mp2mp2mp8mp-4230mah-finger-unlock-dual-sim-white-419375666.html,42.0,0.0,0,Low,0.0,oppo a31,6GB,128GB,8MP+12MP+2MP+2MP+8MP,4230mAh,White,"6.5"" Finger Unlock Dual SIM"
Vivo MAMBA CERTIFIED  Y93s 6G+128G  6.2'' 13MP 4030mAh Facial Unlock DUAL SIM Red,85000,https://ng.jumia.is/unsafe/fit-in/300x300/filters:fill(white)/product/37/6894814/1.jpg?4311,https://www.jumia.com.ng/vivo-mamba-certified-y93s-6g128g-6.2-13mp-4030mah-facial-unlock-dual-sim-red-418498673.html,39.0,3.4,7,Low,0.00032,vivo mamba certified y93s,NOT SPECIFIED,NOT SPECIFIED,Not Specified,4030mAh,Red,Vivo MAMBA 6G 128G 6.2'' 13MP Facial Unlock DUAL SIM
"HONOR 8X 6GB+128GB 6.5"" 20MP+2MP+16MP+2MP 3750mAh Finger Unlock Dual SIM  Black",85500,https://ng.jumia.is/unsafe/fit-in/300x300/filters:fill(white)/product/54/6973914/1.jpg?5807,https://www.jumia.com.ng/renewed-honor-8x-6gb128gb-6.5-20mp2mp16mp2mp-3750mah-finger-unlock-dual-sim-black-419379645.html,43.0,0.0,0,Low,0.0,honor 8x,6GB,128GB,20MP+2MP+16MP+2MP,3750mAh,Black,"6.5"" Finger Unlock Dual SIM"
"V.POLO 6.6 inch phone, 4GB Ram 64GB Rom storage dual camera with fingerprint   5000mAh battery. dual SIM dual standby",86730,https://ng.jumia.is/unsafe/fit-in/300x300/filters:fill(white)/product/04/1730914/1.jpg?9742,https://www.jumia.com.ng/6.6-inch-phone-4gb-ram-64gb-rom-storage-dual-camera-with-fingerprint-5000mah-battery.-dual-sim-dual-standby-v.polo-mpg11965814.html,46.0,3.3,3,Low,0.000152,v.polo 6.6 inch,4GB,64GB,dual camera,5000mAh,Unknown,V..6 inch phone Ram 6 Rom storage with fingerprint battery. dual SIM dual standby
"Huawei Psmart+2019 4GB+128GB 6.21"" 13MP+2MP+8MP 3400mAh Finger Unlock Dual SIM  Black",87000,https://ng.jumia.is/unsafe/fit-in/300x300/filters:fill(white)/product/84/7973914/1.jpg?8575,https://www.jumia.com.ng/renewed-huawei-psmart2019-4gb128gb-6.21-13mp2mp8mp-3400mah-finger-unlock-dual-sim-black-419379748.html,34.0,0.0,0,Low,0.0,huawei y9,4GB,128GB,13MP+2MP+8MP,3400mAh,Black,"Huawei Psmart 2019 128.21"" Finger Unlock Dual SIM"
Apple iPhone 6s Rose Gold 16GB  4.7 Inch Retina HD Display 12MP Clear Camera Touch ID Fingerprint Unlock 4G LTE Fast Network,88895,https://ng.jumia.is/unsafe/fit-in/300x300/filters:fill(white)/product/94/7770914/1.jpg?6339,https://www.jumia.com.ng/apple-iphone-6s-rose-gold-16gb-4.7-inch-retina-hd-display-12mp-clear-camera-touch-id-fingerprint-unlock-4g-lte-fast-network-419077749.html,41.0,0.0,0,Low,0.0,iphone 6s,NOT SPECIFIED,NOT SPECIFIED,Not Specified,non,Gold,Rose 16GB 4.7 Inch Retina HD Display 12MP Clear Camera Touch ID Fingerprint Unlock 4G LTE Fast Network
OPPO A31 Red  6GB 128GB  6.5” HD+ Large Display Face Unlock & Fingerprint Sensor Powerful Performance  + Free Power Bank,89385,https://ng.jumia.is/unsafe/fit-in/300x300/filters:fill(white)/product/97/8441914/1.jpg?0093,https://www.jumia.com.ng/renewed-oppo-a31-red-6gb-128gb-6.5-hd-large-display-face-unlock-fingerprint-sensor-powerful-performance-free-power-bank-419144879.html,39.0,0.0,0,Low,0.0,oppo a31,6GB,128GB,Not Specified,non,Red,6.5” HD Large Display Face Unlock & Fingerprint Sensor Powerful Performance Free Power Bank
OPPO A31 Black  6GB 128GB  6.5” HD+ Large Display Face Unlock & Fingerprint Sensor Powerful Performance  + Free Power Bank,89385,https://ng.jumia.is/unsafe/fit-in/300x300/filters:fill(white)/product/06/4541914/1.jpg?4632,https://www.jumia.com.ng/renewed-oppo-a31-black-6gb-128gb-6.5-hd-large-display-face-unlock-fingerprint-sensor-powerful-performance-free-power-bank-419145460.html,39.0,0.0,0,Low,0.0,oppo a31,6GB,128GB,Not Specified,non,Black,6.5” HD Large Display Face Unlock & Fingerprint Sensor Powerful Performance Free Power Bank
"Huawei Y9 2019 Black 6.5"" 6+128G 16MP+2MP 4000mAh With Free EasyPie 10000mAh 37W Power Bank",89907,https://ng.jumia.is/unsafe/fit-in/300x300/filters:fill(white)/product/90/1250914/1.jpg?9262,https://www.jumia.com.ng/renewed-huawei-y9-2019-black-6.5-6128g-16mp2mp-4000mah-with-free-easypie-10000mah-37w-power-bank-419052109.html,70.0,5.0,1,Low,0.000111,huawei y9,NOT SPECIFIED,NOT SPECIFIED,16MP+2MP,4000mAh,Black,"2019 6.5"" 6 128G With Free EasyPie 10000mAh 37W Power Bank"
"FreeYond FreeYond M5,4GB+128GB,4G 6.52"" Smartphone 5000mAh,Grey",91830,https://ng.jumia.is/unsafe/fit-in/300x300/filters:fill(white)/product/34/5829252/1.jpg?3827,https://www.jumia.com.ng/freeyond-freeyond-m54gb128gb4g-6.52-smartphone-5000mahgrey-252928543.html,53.0,3.8,367,Low,0.015228,freeyond m6,4GB,128GB,Not Specified,5000mAh,Grey,"FreeYond 4G 6.52"" Smartphone"
"Hmd ARC, 4GB RAM + 64GB ROM, 6.5, 5000mAh, 13MP (Dual SIM)",91990,https://ng.jumia.is/unsafe/fit-in/300x300/filters:fill(white)/product/56/5980114/1.jpg?0371,https://www.jumia.com.ng/hmd-arc-4gb-ram-64gb-rom-6.5-5000mah-13mp-dual-sim-411089565.html,23.0,4.3,20,Low,0.000982,hmd,4GB,64GB,Not Specified,5000mAh,Unknown,Hmd ARC RAM 6 ROM 6.5 13MP (Dual SIM)
Unknown Product,91990,https://ng.jumia.is/unsafe/fit-in/300x300/filters:fill(white)/product/56/5980114/1.jpg?0371,https://www.jumia.com.ng/hmd-arc-4gb-ram-64gb-rom-6.5-5000mah-13mp-dual-sim-411089565.html,0.0,0.0,0,Low,0.0,unknown product,NOT SPECIFIED,NOT SPECIFIED,Not Specified,non,Unknown,Unknown Product
AIEK XS24 Pro 2+16GB Face Recognition Smartphone-Black,92500,https://ng.jumia.is/unsafe/fit-in/300x300/filters:fill(white)/product/58/4490093/1.jpg?7206,https://www.jumia.com.ng/aiek-xs24-pro-216gb-face-recognition-smartphone-black-390094485.html,0.0,3.0,1,Low,6.5e-05,aiek xs24 pro,16GB + 2GB,NOT SPECIFIED,Not Specified,non,Black,Pro 2 16GB Face Recognition Smartphone
"itel l A06 6.6"" HD+, 64GB ROM + Up To 2GB RAM, 4000mAh, 4G LTE, 8MP - Gold",92550,https://ng.jumia.is/unsafe/fit-in/300x300/filters:fill(white)/product/40/4892914/1.jpg?6166,https://www.jumia.com.ng/itel-l-a06-6.6-hd-64gb-rom-up-to-2gb-ram-4000mah-4g-lte-8mp-gold-419298404.html,5.0,0.0,0,Low,0.0,itel l a06,2GB,64GB,Not Specified,4000mAh,Gold,"itel 6.6"" HD ROM Up To RAM 4G LTE 8MP"
Apple iPhone 6s RoseGold 32GB  4.7 Inch Retina HD Display 12MP Clear Camera Touch ID Fingerprint Unlock 4G LTE Fast Network,92895,https://ng.jumia.is/unsafe/fit-in/300x300/filters:fill(white)/product/70/8901914/1.jpg?4149,https://www.jumia.com.ng/apple-iphone-6s-rosegold-32gb-4.7-inch-retina-hd-display-12mp-clear-camera-touch-id-fingerprint-unlock-4g-lte-fast-network-419109807.html,25.0,0.0,0,Low,0.0,Apple iPhone 6s,NOT SPECIFIED,NOT SPECIFIED,Not Specified,non,Gold,Rose 32GB 4.7 Inch Retina HD Display 12MP Clear Camera Touch ID Fingerprint Unlock 4G LTE Fast Network
"Hotwav Android Smartphone,6.75"" 120Hz Display,12GB(3+9) RAM 64GB ROM,5160mAh Battery,Dual Camera 13+5MP,Fingerprint, 4G Dual SIM",94500,https://ng.jumia.is/unsafe/fit-in/300x300/filters:fill(white)/product/83/7761914/1.jpg?4191,https://www.jumia.com.ng/android-smartphone6.75-120hz-display12gb39-ram-64gb-rom5160mah-batterydual-camera-135mpfingerprint-4g-dual-sim-hotwav-mpg11962448.html,48.0,1.0,1,Low,2.1e-05,hotwav,12GB,64GB,Dual Camera,5160mAh,Unknown,"Hotwav Android Smartphone 6.75"" 120Hz Display 12GB(3 9) ROM Battery 13 5MP Fingerprint 4G Dual SIM"
redbeat D5 Smartphone 6.52inch IPS HD 4GB + 64GB ROM-Black,95550,https://ng.jumia.is/unsafe/fit-in/300x300/filters:fill(white)/product/74/2580763/1.jpg?3390,https://www.jumia.com.ng/redbeat-d5-smartphone-6.52inch-ips-hd-4gb-64gb-rom-black-367085247.html,46.0,3.6,255,Low,0.009645,redbeat d5 smartphone 6.52inch ips,4GB,64GB,Not Specified,non,Black,Smartphone 6.52inch IPS HD 6 ROM
"itel A100C 6.6"" 2GB RAM/64GB ROM 5000mAh  - Titanium Gold",95900,https://ng.jumia.is/unsafe/fit-in/300x300/filters:fill(white)/product/43/4477814/1.jpg?5421,https://www.jumia.com.ng/itel-a100c-6.6-2gb-ram64gb-rom-5000mah-titanium-gold-418774434.html,4.0,3.9,259,Low,0.010574,itel a100c,2GB,64GB,Not Specified,5000mAh,Titanium,"6.6"" RAM ROM Titanium"
Unknown Product,95900,https://ng.jumia.is/unsafe/fit-in/300x300/filters:fill(white)/product/43/4477814/1.jpg?5421,https://www.jumia.com.ng/itel-a100c-6.6-2gb-ram64gb-rom-5000mah-titanium-gold-418774434.html,0.0,0.0,0,Low,0.0,unknown product,NOT SPECIFIED,NOT SPECIFIED,Not Specified,non,Unknown,Unknown Product
"itel A100C 6.6"" 2GB RAM/64GB ROM 5000mAh - Black",95900,https://ng.jumia.is/unsafe/fit-in/300x300/filters:fill(white)/product/33/4477814/1.jpg?5504,https://www.jumia.com.ng/itel-a100c-6.6-2gb-ram64gb-rom-5000mah-black-418774433.html,4.0,3.7,123,Low,0.004784,itel a100c,2GB,64GB,Not Specified,5000mAh,Black,"6.6"" RAM ROM"
Apple iPhone 6s Grey 32GB  4.7 Inch Retina HD Display 12MP Clear Camera Touch ID Fingerprint Unlock 4G LTE Fast Network,97895,https://ng.jumia.is/unsafe/fit-in/300x300/filters:fill(white)/product/20/8901914/1.jpg?2631,https://www.jumia.com.ng/apple-iphone-6s-grey-32gb-4.7-inch-retina-hd-display-12mp-clear-camera-touch-id-fingerprint-unlock-4g-lte-fast-network-419109802.html,37.0,0.0,0,Low,0.0,Apple iPhone 6s,NOT SPECIFIED,NOT SPECIFIED,Not Specified,non,Grey,32GB 4.7 Inch Retina HD Display 12MP Clear Camera Touch ID Fingerprint Unlock 4G LTE Fast Network
Apple iPhone 6s Rose Gold 64GB  4.7 Inch Retina HD Display 12MP Clear Camera Touch ID Fingerprint Unlock 4G LTE Fast Network,97895,https://ng.jumia.is/unsafe/fit-in/300x300/filters:fill(white)/product/74/1011914/1.jpg?0327,https://www.jumia.com.ng/apple-iphone-6s-rose-gold-64gb-4.7-inch-retina-hd-display-12mp-clear-camera-touch-id-fingerprint-unlock-4g-lte-fast-network-419110147.html,38.0,0.0,0,Low,0.0,iphone 6s,NOT SPECIFIED,NOT SPECIFIED,Not Specified,non,Gold,Rose 64GB 4.7 Inch Retina HD Display 12MP Clear Camera Touch ID Fingerprint Unlock 4G LTE Fast Network
"FreeYond FreeYond M5,8GB+128GB,4G 6.52"" Smartphone 5000mAh,Blue",100533,https://ng.jumia.is/unsafe/fit-in/300x300/filters:fill(white)/product/51/5209902/1.jpg?7684,https://www.jumia.com.ng/freeyond-freeyond-m58gb128gb4g-6.52-smartphone-5000mahblue-209902515.html,48.0,4.3,40,Medium,0.001754,freeyond m6,8GB,128GB,Not Specified,5000mAh,Blue,"FreeYond 12 4G 6.52"" Smartphone"
"Poco C71  6.88"" 3GB RAM / 64GB ROM Android 15 - Black",101032,https://ng.jumia.is/unsafe/fit-in/300x300/filters:fill(white)/product/87/1105814/1.jpg?6833,https://www.jumia.com.ng/poco-c71-6.88-3gb-ram-64gb-rom-android-15-black-418501178.html,6.0,4.1,208,Medium,0.008481,poco c71,3GB,64GB,Not Specified,non,Black,"6.88"" RAM ROM Android 15"
"Hotwav Android Smartphone,6.75"" 120Hz Display,12GB(3+9) RAM 64GB ROM,5160mAh Battery,Dual Camera 13+5MP,Fingerprint, 4G Dual SIM",102885,https://ng.jumia.is/unsafe/fit-in/300x300/filters:fill(white)/product/22/9941914/1.jpg?9234,https://www.jumia.com.ng/hotwav-android-smartphone6.75-120hz-display12gb39-ram-64gb-rom5160mah-batterydual-camera-135mpfingerprint-4g-dual-sim-419149922.html,42.0,5.0,1,Medium,9.7e-05,hotwav,12GB,64GB,Dual Camera,5160mAh,Unknown,"Hotwav Android Smartphone 6.75"" 120Hz Display 12GB(3 9) ROM Battery 13 5MP Fingerprint 4G Dual SIM"
"FreeYond FreeYond M5,8GB+128GB,4G 6.52"" Smartphone 5000mAh,Black",104285,https://ng.jumia.is/unsafe/fit-in/300x300/filters:fill(white)/product/18/9487902/1.jpg?3202,https://www.jumia.com.ng/freeyond-freeyond-m58gb128gb4g-6.52-smartphone-5000mahblack-209784981.html,47.0,4.0,302,Medium,0.011622,freeyond m6,8GB,128GB,Not Specified,5000mAh,Black,"FreeYond 12 4G 6.52"" Smartphone"
"itel  A100C 64/2+4gb, 6.6"" Super Clear Display 5000mah Ultra-Link Free Call DTS Sound IR Remote Control - Black",104990,https://ng.jumia.is/unsafe/fit-in/300x300/filters:fill(white)/product/23/3992914/1.jpg?0738,https://www.jumia.com.ng/itel-a100c-6424gb-6.6-super-clear-display-5000mah-ultra-link-free-call-dts-sound-ir-remote-control-black-419299332.html,1.0,0.0,0,Medium,0.0,itel a100c,4GB + 2GB,NOT SPECIFIED,Not Specified,5000mAh,Black,"64 2 4gb 6.6"" Super Clear Display Ultra Link Free Call DTS Sound IR Remote Control"
"itel  A80 , 64/3gb, 6.7"" Super Clear Display 5000mah, 50MP - Blue",105499,https://ng.jumia.is/unsafe/fit-in/300x300/filters:fill(white)/product/43/4134914/1.jpg?2401,https://www.jumia.com.ng/itel-a80-643gb-6.7-super-clear-display-5000mah-50mp-blue-419431434.html,12.0,0.0,0,Medium,0.0,itel a80,NOT SPECIFIED,NOT SPECIFIED,Not Specified,5000mAh,Blue,"64 3gb 6.7"" Super Clear Display 50MP"
"U-FM A56, 6.7 inch Punch Screen,8MP+13MP Beauty Camera,128GB Memory 580omAh Big Battery ,Side Fingerprint ,Face Unlock",107310,https://ng.jumia.is/unsafe/fit-in/300x300/filters:fill(white)/product/07/0824914/1.jpg?5623,https://www.jumia.com.ng/u-fm-a56-6.7-inch-punch-screen8mp13mp-beauty-camera128gb-memory-580omah-big-battery-side-fingerprint-face-unlock-419428070.html,44.0,0.0,0,Medium,0.0,not specified,NOT SPECIFIED,NOT SPECIFIED,8MP+13MP,non,Unknown,U 6.7 inch Punch Screen Beauty Camera 128GB Memory 580omAh Big Battery Side Fingerprint Face Unlock
Honor  PLAY 10 3GB+64GB ANDROID 15 (GO EDITION),107700,https://ng.jumia.is/unsafe/fit-in/300x300/filters:fill(white)/product/51/7259814/1.jpg?4408,https://www.jumia.com.ng/honor-play-10-3gb64gb-android-15-go-edition-418952715.html,28.0,4.0,1,Medium,7.4e-05,honor play 10,3GB,64GB,Not Specified,non,Unknown,ANDROID 15 (GO EDITION)
"Xiaomi Redmi 9A Smartphone 6.53 Inch HD,6GB RAM+128GB ROM Mobile Phone,5000mAh battery + Mtk Helio G25 Octa Core Processor, Dual Sim-Black",108990,https://ng.jumia.is/unsafe/fit-in/300x300/filters:fill(white)/product/35/3889814/1.jpg?6674,https://www.jumia.com.ng/renewed-xiaomi-redmi-9a-smartphone-6.53-inch-hd6gb-ram128gb-rom-mobile-phone5000mah-battery-mtk-helio-g25-octa-core-processor-dual-sim-black-418988353.html,44.0,0.0,0,Medium,0.0,XIAOMI Redmi 9A,6GB,128GB,Not Specified,5000mAh,Black,Smartphone 6.53 Inch HD RAM ROM Mobile Phone battery Mtk Helio G25 Octa Core Processor Dual Sim
XIAOMI REDMI A5 -  6.88   3GB RAM/64GB ROM  -- Sandy gold,109706,https://ng.jumia.is/unsafe/fit-in/300x300/filters:fill(white)/product/77/2423804/1.jpg?8091,https://www.jumia.com.ng/xiaomi-redmi-a5-6.88-3gb-ram64gb-rom-sandy-gold-408324277.html,1.0,4.4,83,Medium,0.003369,xiaomi redmi a5,3GB,64GB,Not Specified,non,Gold,XIAOMI 6.88 RAM ROM Sandy gold
Unknown Product,109706,https://ng.jumia.is/unsafe/fit-in/300x300/filters:fill(white)/product/77/2423804/1.jpg?8091,https://www.jumia.com.ng/xiaomi-redmi-a5-6.88-3gb-ram64gb-rom-sandy-gold-408324277.html,0.0,0.0,0,Medium,0.0,unknown product,NOT SPECIFIED,NOT SPECIFIED,Not Specified,non,Unknown,Unknown Product
XIAOMI REDMI A5 -  6.88   3GB RAM/64GB ROM  -- BLACK,109706,https://ng.jumia.is/unsafe/fit-in/300x300/filters:fill(white)/product/76/9732804/1.jpg?1640,https://www.jumia.com.ng/xiaomi-redmi-a5-6.88-3gb-ram64gb-rom-black-408237967.html,1.0,4.0,1095,Medium,0.039961,xiaomi redmi a5,3GB,64GB,Not Specified,non,Black,XIAOMI 6.88 RAM ROM
IPhone 6 Plus 99.9%NEW 1GB RAM+64GB ROM 2915mAh  5.5in Screen  HD Camera 8MP Touch ID Smartphone-Grey,109987,https://ng.jumia.is/unsafe/fit-in/300x300/filters:fill(white)/product/09/9623714/1.jpg?7245,https://www.jumia.com.ng/renewed-iphone-6-plus-99.9new-1gb-ram64gb-rom-2915mah-5.5in-screen-hd-camera-8mp-touch-id-smartphone-grey-417326990.html,52.0,0.0,0,Medium,0.0,iPhone 6 Plus,1GB,64GB,Not Specified,2915mAh,Grey,99.9%NEW RAM ROM 5.5in Screen HD Camera 8MP Touch ID Smartphone
IPhone 6 Plus 1GB RAM+64GB ROM 2915mAh  5.5in Screen  HD Camera 8MP Touch ID - Reconditionné - 99.99%New- Gold,109987,https://ng.jumia.is/unsafe/fit-in/300x300/filters:fill(white)/product/42/5081814/1.jpg?7418,https://www.jumia.com.ng/renewed-iphone-6-plus-1gb-ram64gb-rom-2915mah-5.5in-screen-hd-camera-8mp-touch-id-reconditionne-99.99new-gold-418180524.html,52.0,3.0,4,Medium,0.000136,iphone 6 plus,1GB,64GB,Not Specified,2915mAh,Gold,RAM ROM 5.5in Screen HD Camera 8MP Touch ID Reconditionné 99.99%New
"Poco C71-6.88"",128GB/4GB,4G,Dual SIM,Fingerprint,5200mAh-Black",112199,https://ng.jumia.is/unsafe/fit-in/300x300/filters:fill(white)/product/04/9817514/1.jpg?4091,https://www.jumia.com.ng/poco-c71-6.88128gb4gb4gdual-simfingerprint5200mah-black-415718940.html,1.0,4.8,5,Medium,0.000257,poco c85,4GB,128GB,Not Specified,5200mAh,Black,"6.88"" 128GB 4GB 4G Dual SIM Fingerprint"
"Poco C71  6.88"" 4GB RAM / 128GB ROM Android 15 - Blue",118421,https://ng.jumia.is/unsafe/fit-in/300x300/filters:fill(white)/product/65/6880714/1.jpg?9625,https://www.jumia.com.ng/poco-c71-6.88-4gb-ram-128gb-rom-android-15-blue-417088656.html,6.0,4.2,229,Medium,0.008157,poco c71,4GB,128GB,Not Specified,non,Blue,"6.88"" RAM ROM Android 15"
Unknown Product,118421,https://ng.jumia.is/unsafe/fit-in/300x300/filters:fill(white)/product/65/6880714/1.jpg?9625,https://www.jumia.com.ng/poco-c71-6.88-4gb-ram-128gb-rom-android-15-blue-417088656.html,0.0,0.0,0,Medium,0.0,unknown product,NOT SPECIFIED,NOT SPECIFIED,Not Specified,non,Unknown,Unknown Product
"Infinix Smart 10 6.7"" 3GB RAM/64GB ROM Android 14-Black",118429,https://ng.jumia.is/unsafe/fit-in/300x300/filters:fill(white)/product/59/8235814/1.jpg?4075,https://www.jumia.com.ng/infinix-smart-10-6.7-3gb-ram64gb-rom-android-14-black-418532895.html,7.0,4.1,112,Medium,0.003912,infinix smart 10,3GB,64GB,Not Specified,non,Black,"6.7"" RAM ROM Android 14"
"itel A80 6.7"", 128GB + 3GB RAM, 5000mAh -WAVE BLUE",119000,https://ng.jumia.is/unsafe/fit-in/300x300/filters:fill(white)/product/39/7383914/1.jpg?8410,https://www.jumia.com.ng/itel-a80-6.7-128gb-3gb-ram-5000mah-wave-blue-419383793.html,8.0,0.0,0,Medium,0.0,itel a80,3GB,128GB,Not Specified,5000mAh,Blue,"6.7"" 128GB RAM WAVE"
"Samsung Galaxy A06 6.7"" 4GB RAM/64GB ROM Android 14 - Black",119151,https://ng.jumia.is/unsafe/fit-in/300x300/filters:fill(white)/product/58/3416104/1.jpg?8232,https://www.jumia.com.ng/samsung-galaxy-a06-6.7-4gb-ram64gb-rom-android-14-black-401614385.html,7.0,4.2,322,Medium,0.011386,samsung galaxy a06,4GB,64GB,Not Specified,non,Black,"6.7"" RAM 6 ROM Android 14"
"itel City 100  7.65mm"" Slim Design 5200mah Android 128/4+8gb",119310,https://ng.jumia.is/unsafe/fit-in/300x300/filters:fill(white)/product/39/0342904/1.jpg?1678,https://www.jumia.com.ng/itel-city-100-7.65mm-slim-design-5200mah-android-12848gb-409243093.html,12.0,4.0,422,Medium,0.014182,itel city 100,8GB + 4GB,NOT SPECIFIED,Not Specified,5200mAh,Unknown,"7.65mm"" Slim Design Android 128 4 8gb"
"Tecno POP10 6.67"" 3GB RAM / 64GB ROM Android 14 - Black",119590,https://ng.jumia.is/unsafe/fit-in/300x300/filters:fill(white)/product/16/0130914/1.jpg?6981,https://www.jumia.com.ng/tecno-pop10-6.67-3gb-ram-64gb-rom-android-14-black-419031061.html,7.0,4.4,54,Medium,0.002024,tecno pop10,3GB,64GB,Not Specified,non,Black,"6.67"" RAM ROM Android 14"
Unknown Product,119999,https://ng.jumia.is/unsafe/fit-in/300x300/filters:fill(white)/product/03/7224483/1.jpg?9653,https://www.jumia.com.ng/samsung-galaxy-a06-6.7-4gb-ram-64gb-rom-android-14-black-384422730.html,0.0,0.0,0,Medium,0.0,unknown product,NOT SPECIFIED,NOT SPECIFIED,Not Specified,non,Unknown,Unknown Product
"Samsung Galaxy A06 6.7"" 4GB RAM / 64GB ROM Android 14 - Black",119999,https://ng.jumia.is/unsafe/fit-in/300x300/filters:fill(white)/product/03/7224483/1.jpg?9653,https://www.jumia.com.ng/samsung-galaxy-a06-6.7-4gb-ram-64gb-rom-android-14-black-384422730.html,7.0,4.0,992,Medium,0.0331,samsung galaxy a06,4GB,64GB,Not Specified,non,Black,"6.7"" RAM 6 ROM Android 14"
Philips Essence 20 6.56 HD Punch Hole 128GB ROM / Up To 8G ( 4 + 4 GB) Extended RAM  Android 13 -  Moonlight Black,120000,https://ng.jumia.is/unsafe/fit-in/300x300/filters:fill(white)/product/95/9191814/1.jpg?4769,https://www.jumia.com.ng/philips-essence-20-6.56-hd-punch-hole-128gb-rom-up-to-8g-4-4-gb-extended-ram-android-13-moonlight-black-418191959.html,14.0,4.2,63,Medium,0.00224,philips essence 20,NOT SPECIFIED,128GB,Not Specified,non,Black,6.56 HD Punch Hole ROM Up To 8G ( 4 4 GB) Extended RAM Android 13 Moonlight
"XIAOMI Redmi A3 Pro 6.88"" 4GB RAM / 128GB ROM Android 14 - Midnight Black",124926,https://ng.jumia.is/unsafe/fit-in/300x300/filters:fill(white)/product/56/3640083/1.jpg?5351,https://www.jumia.com.ng/xiaomi-redmi-a3-pro-6.88-4gb-ram-128gb-rom-android-14-midnight-black-380046365.html,5.0,4.0,441,Medium,0.014152,xiaomi redmi a3 pro,4GB,128GB,Not Specified,non,Midnight Black,"XIAOMI Pro 6.88"" RAM ROM Android 14 Midnight"
Samsung Galaxy A06 4GB RAM + 64GB ROM LIGHT BLUE,125990,https://ng.jumia.is/unsafe/fit-in/300x300/filters:fill(white)/product/01/0297083/1.jpg?3368,https://www.jumia.com.ng/samsung-galaxy-a06-4gb-ram-64gb-rom-light-blue-380792010.html,24.0,4.0,53,Medium,0.001714,samsung galaxy a06,4GB,64GB,Not Specified,non,Blue,RAM 6 ROM LIGHT
Samsung Galaxy A06 4GB RAM + 64GB ROM BLACK,125990,https://ng.jumia.is/unsafe/fit-in/300x300/filters:fill(white)/product/83/1697083/1.jpg?4064,https://www.jumia.com.ng/samsung-galaxy-a06-4gb-ram-64gb-rom-black-380796138.html,24.0,3.9,78,Medium,0.002445,samsung galaxy a06,4GB,64GB,Not Specified,non,Black,RAM 6 ROM
Samsung Galaxy A06 4GB RAM + 64GB ROM GOLD,125990,https://ng.jumia.is/unsafe/fit-in/300x300/filters:fill(white)/product/57/1308083/1.jpg?4907,https://www.jumia.com.ng/samsung-galaxy-a06-4gb-ram-64gb-rom-gold-380803175.html,24.0,4.1,8,Medium,0.000293,samsung galaxy a06,4GB,64GB,Not Specified,non,Gold,RAM 6 ROM
"FreeYond FreeYond M6,8GB+256GB,4G 6.78"" Smartphone 5000mAh,Black",126420,https://ng.jumia.is/unsafe/fit-in/300x300/filters:fill(white)/product/91/1924072/1.jpg?7763,https://www.jumia.com.ng/freeyond-freeyond-m68gb256gb4g-6.78-smartphone-5000mahblack-270429119.html,32.0,4.3,30,Medium,0.001054,freeyond m6,8GB,256GB,Not Specified,5000mAh,Black,"FreeYond 4G 6.78"" Smartphone"
"FreeYond FreeYond M6,8GB+256GB,4G 6.78"" Smartphone 5000mAh,Blue",126420,https://ng.jumia.is/unsafe/fit-in/300x300/filters:fill(white)/product/60/7155072/1.jpg?2732,https://www.jumia.com.ng/freeyond-freeyond-m68gb256gb4g-6.78-smartphone-5000mahblue-270551706.html,38.0,4.0,43,Medium,0.001392,freeyond m6,8GB,256GB,Not Specified,5000mAh,Blue,"FreeYond 4G 6.78"" Smartphone"
Unknown Product,126420,https://ng.jumia.is/unsafe/fit-in/300x300/filters:fill(white)/product/61/5806172/1.jpg?5056,https://www.jumia.com.ng/freeyond-freeyond-m68gb256gb4g-6.78-smartphone-5000mahgreen-271608516.html,0.0,0.0,0,Medium,0.0,unknown product,NOT SPECIFIED,NOT SPECIFIED,Not Specified,non,Unknown,Unknown Product
"FreeYond FreeYond M6,8GB+256GB,4G 6.78"" Smartphone 5000mAh,Green",126420,https://ng.jumia.is/unsafe/fit-in/300x300/filters:fill(white)/product/61/5806172/1.jpg?5056,https://www.jumia.com.ng/freeyond-freeyond-m68gb256gb4g-6.78-smartphone-5000mahgreen-271608516.html,32.0,3.8,18,Medium,0.000571,freeyond m6,8GB,256GB,Not Specified,5000mAh,Green,"FreeYond 4G 6.78"" Smartphone"
UMIDIGI Note 100A 4GB RAM/256GB ROM Android 14 -White,127500,https://ng.jumia.is/unsafe/fit-in/300x300/filters:fill(white)/product/36/4770104/1.jpg?7044,https://www.jumia.com.ng/umidigi-note-100a-4gb-ram256gb-rom-android-14-white-401077463.html,46.0,3.8,9,Medium,0.000298,umidigi note 100a,4GB,256GB,Not Specified,non,White,RAM ROM Android 14
UMIDIGI Note 100A 4GB RAM/256GB ROM Android 14 -Black,127500,https://ng.jumia.is/unsafe/fit-in/300x300/filters:fill(white)/product/26/4770104/1.jpg?7044,https://www.jumia.com.ng/umidigi-note-100a-4gb-ram256gb-rom-android-14-black-401077462.html,46.0,3.9,29,Medium,0.000918,umidigi note 100a,4GB,256GB,Not Specified,non,Black,RAM ROM Android 14
"AGM Note N1 6.52""  8GB Base RAM/8GB Extended RAM/128GB ROM Android 13 - Grey",127625,https://ng.jumia.is/unsafe/fit-in/300x300/filters:fill(white)/product/28/4591532/1.jpg?3439,https://www.jumia.com.ng/agm-note-n1-6.52-8gb-base-ram8gb-extended-ram128gb-rom-android-13-grey-235195482.html,19.0,4.1,504,Medium,0.016223,agm note n1,8GB,128GB,Not Specified,non,Grey,"AGM 6.52"" 8GB Base RAM 8GB Extended RAM ROM Android 13"
XIAOMI REDMI A5 -  6.88   4GB RAM/128GB ROM  -- BLACK,128468,https://ng.jumia.is/unsafe/fit-in/300x300/filters:fill(white)/product/17/9732804/1.jpg?6741,https://www.jumia.com.ng/xiaomi-redmi-a5-6.88-4gb-ram128gb-rom-black-408237971.html,2.0,4.0,2254,Medium,0.070212,xiaomi redmi a5,4GB,128GB,Not Specified,non,Black,XIAOMI 6.88 RAM ROM
Samsung Galaxy A06 4GB RAM + 64GB ROM LIGHT BLUE (Plus Free Adapter),128990,https://ng.jumia.is/unsafe/fit-in/300x300/filters:fill(white)/product/57/8404404/1.jpg?6254,https://www.jumia.com.ng/samsung-galaxy-a06-4gb-ram-64gb-rom-light-blue-plus-free-adapter-404404875.html,28.0,4.6,14,Medium,0.000535,samsung galaxy a06,4GB,64GB,Not Specified,non,Blue,RAM 6 ROM LIGHT (Plus Free Adapter)
Samsung Galaxy A06 4GB RAM + 64GB ROM GOLD (Plus Free Adapter),128990,https://ng.jumia.is/unsafe/fit-in/300x300/filters:fill(white)/product/37/3323404/1.jpg?5597,https://www.jumia.com.ng/samsung-galaxy-a06-4gb-ram-64gb-rom-gold-plus-free-adapter-404323373.html,22.0,5.0,2,Medium,0.000116,samsung galaxy a06,4GB,64GB,Not Specified,non,Gold,RAM 6 ROM (Plus Free Adapter)
"V.POLO S25ultra 4G -6.8inch,6GB RAM/128GB ROM,android15.0, 5800mAh-Blue",129360,https://ng.jumia.is/unsafe/fit-in/300x300/filters:fill(white)/product/73/8463914/1.jpg?5280,https://www.jumia.com.ng/v.polo-s25ultra-4g-6.8inch6gb-ram128gb-romandroid15.0-5800mah-blue-419364837.html,44.0,0.0,0,Medium,0.0,v.polo s25ultra,6GB,128GB,Not Specified,5800mAh,Blue,V. 4G 6.8inch RAM ROM android15.0
"Infinix Smart 10 Hd  Memory: 64GB+2GB+2GB Battery 5000 Camera:  8MP With   Rear 13MP Dual Flash Light Operating System: Android 14(Go Edition) Network: 4G/3G/2G Display: 6.6""  Sensor: G-sensor/L-sensor/Proximity/ Fingerprint",130000,https://ng.jumia.is/unsafe/fit-in/300x300/filters:fill(white)/product/68/0739614/1.jpg?1472,https://www.jumia.com.ng/infinix-smart-10-hd-memory-64gb2gb2gb-battery-5000-camera-8mp-with-rear-13mp-dual-flash-light-operating-system-android-14go-edition-network-4g3g2g-display-6.6-sensor-g-sensorl-sensorproximity-fingerprint-416937086.html,7.0,4.5,4,Medium,0.000173,infinix smart 10,2GB,64GB,Not Specified,non,Unknown,"Hd Memory: 64GB 2GB 2GB Battery 5000 Camera: 8MP With Rear 13MP Dual Flash Light Operating System: Android 14(Go Edition) Network: 4G 3G 2G Display: 6.6"" Sensor: G sensor L sensor Proximity Fingerprint"
Infinix Smart 10 HD 6.6 Inches Screen Display 13MP rear camera  5000mh battery capacity  4G network  64GBROM  +2GBRAM (up to 4GB extended) Side fingerprints.,130000,https://ng.jumia.is/unsafe/fit-in/300x300/filters:fill(white)/product/05/5476514/1.jpg?8016,https://www.jumia.com.ng/infinix-smart-10-hd-6.6-inches-screen-display-13mp-rear-camera-5000mh-battery-capacity-4g-network-64gbrom-2gbram-up-to-4gb-extended-side-fingerprints.-415674550.html,0.0,4.5,4,Medium,0.000173,infinix smart 10,2GB,64GB,Not Specified,non,Unknown,HD 6.6 Inches Screen Display 13MP rear camera 5000mh battery capacity 4G network ROM RAM (up to 4GB extended) Side fingerprints.
Tecno Pop10c  6.6 Hole Inches Screen Display  13MP Rear Camera And 8MP Front Camera  5000mah Battery Capacity With Type C 64GB ROM 4GB RAM (2+2 Extended) Side Fingerprint.,130000,https://ng.jumia.is/unsafe/fit-in/300x300/filters:fill(white)/product/28/6766514/1.jpg?0826,https://www.jumia.com.ng/tecno-pop10c-6.6-hole-inches-screen-display-13mp-rear-camera-and-8mp-front-camera-5000mah-battery-capacity-with-type-c-64gb-rom-4gb-ram-22-extended-side-fingerprint.-415667682.html,0.0,4.3,3,Medium,0.000132,tecno pop 10c,4GB,64GB,Not Specified,5000mAh,Unknown,6.6 Hole Inches Screen Display 13MP Rear Camera And 8MP Front Camera Battery Capacity With Type C 6 ROM RAM (2 2 Extended) Side Fingerprint.
Tecno Pop10 C 6.6 Hole Inches Screen Display  13MP Rear Camera And 8MP Front Camera  5000 Battery Capacity With Type C 64GB ROM 4GB RAM (2+2 Extended) Side Fingerprint.,130000,https://ng.jumia.is/unsafe/fit-in/300x300/filters:fill(white)/product/93/4739614/1.jpg?4566,https://www.jumia.com.ng/tecno-pop10-c-6.6-hole-inches-screen-display-13mp-rear-camera-and-8mp-front-camera-5000-battery-capacity-with-type-c-64gb-rom-4gb-ram-22-extended-side-fingerprint.-416937439.html,13.0,3.9,18,Medium,0.00057,Tecno Pop 10C,4GB,64GB,Not Specified,non,Unknown,C 6.6 Hole Inches Screen Display 13MP Rear Camera And 8MP Front Camera 5000 Battery Capacity With Type C 6 ROM RAM (2 2 Extended) Side Fingerprint.
"Infinix Smart 10HD  Memory: 64GB+2GB+2GB Battery: 5000mAh Camera: Front 8MP With  Flashlight + Rear 13MP Dual Flash Light Operating System: Android 14(Go Edition) Network: 4G/3G/2G Display: 6.6""  Sensor: G-sensor/L-sensor/Proximity/ Fingerprint",130000,https://ng.jumia.is/unsafe/fit-in/300x300/filters:fill(white)/product/62/0001714/1.jpg?0530,https://www.jumia.com.ng/infinix-smart-10hd-memory-64gb2gb2gb-battery-5000mah-camera-front-8mp-with-flashlight-rear-13mp-dual-flash-light-operating-system-android-14go-edition-network-4g3g2g-display-6.6-sensor-g-sensorl-sensorproximity-fingerprint-417100026.html,0.0,4.6,7,Medium,0.000283,infinix smart 10hd memory:,2GB,64GB,Not Specified,5000mAh,Unknown,"Memory: 64GB 2GB 2GB Battery: Camera: Front 8MP With Flashlight Rear 13MP Dual Flash Light Operating System: Android 14(Go Edition) Network: 4G 3G 2G Display: 6.6"" Sensor: G sensor L sensor Proximity Fingerprint"
"V.POLO S25ultra 4G -6.8inch,6GB RAM/128GB ROM,android15.0, 5800mAh-Gold",130830,https://ng.jumia.is/unsafe/fit-in/300x300/filters:fill(white)/product/00/8541914/1.jpg?5386,https://www.jumia.com.ng/v.polo-s25ultra-4g-6.8inch6gb-ram128gb-romandroid15.0-5800mah-gold-419145800.html,48.0,2.5,2,Medium,5.7e-05,v.polo s25ultra,6GB,128GB,Not Specified,5800mAh,Gold,V. 4G 6.8inch RAM ROM android15.0
"V.POLO  S25ultra 4G -6.8inch,6GB RAM/128GB ROM,android15.0, 5800mAh,white",130830,https://ng.jumia.is/unsafe/fit-in/300x300/filters:fill(white)/product/64/3741914/1.jpg?5470,https://www.jumia.com.ng/v.polo-s25ultra-4g-6.8inch6gb-ram128gb-romandroid15.0-5800mahwhite-419147346.html,48.0,0.0,0,Medium,0.0,v.polo s25ultra,6GB,128GB,Not Specified,5800mAh,White,V. 4G 6.8inch RAM ROM android15.0
"Infinix Smart 10 HD, 6.6"", 64gb/2gb+2gb RAM, 8MP+ 13MP, 5000mAh- Black",130999,https://ng.jumia.is/unsafe/fit-in/300x300/filters:fill(white)/product/24/8609514/1.jpg?5212,https://www.jumia.com.ng/infinix-smart-10-hd-6.6-64gb2gb2gb-ram-8mp-13mp-5000mah-black-415906842.html,3.0,3.8,11,Medium,0.000348,infinix smart 10,2GB,64GB,Not Specified,5000mAh,Black,"HD 6.6"" 64gb RAM 8MP 13MP"
"OPPO A73 Smartphone 5G 6.5"" FHD + LCD Display, 3 Cameras 16 MP, 8GB RAM +128GB ROM  4040 mAh Battery, Dual Sim, Side Fingerprint ,Purple",131723,https://ng.jumia.is/unsafe/fit-in/300x300/filters:fill(white)/product/04/4139814/1.jpg?2328,https://www.jumia.com.ng/renewed-oppo-a73-smartphone-5g-6.5-fhd-lcd-display-3-cameras-16-mp-8gb-ram-128gb-rom-4040-mah-battery-dual-sim-side-fingerprint-purple-418931440.html,54.0,1.0,2,Medium,2.3e-05,oppo a73,8GB,128GB,Not Specified,4040mAh,Purple,"Smartphone 5G 6.5"" FHD LCD Display 3 Cameras 16 MP RAM 12 ROM 4040 mAh Battery Dual Sim Side Fingerprint"
"OPPO A73 Smartphone 5G 6.5"" FHD + LCD Display, 3 Cameras 16 MP, 8GB RAM +128GB ROM  4040 mAh Battery, Dual Sim, Side Fingerprint ,Black",131723,https://ng.jumia.is/unsafe/fit-in/300x300/filters:fill(white)/product/43/4139814/1.jpg?1413,https://www.jumia.com.ng/renewed-oppo-a73-smartphone-5g-6.5-fhd-lcd-display-3-cameras-16-mp-8gb-ram-128gb-rom-4040-mah-battery-dual-sim-side-fingerprint-black-418931434.html,56.0,2.3,4,Medium,8.7e-05,oppo a73,8GB,128GB,Not Specified,4040mAh,Black,"Smartphone 5G 6.5"" FHD LCD Display 3 Cameras 16 MP RAM 12 ROM 4040 mAh Battery Dual Sim Side Fingerprint"
"Samsung Galaxy A05 6.7"" 4GB RAM/64GB ROM Android 13 - Black",134999,https://ng.jumia.is/unsafe/fit-in/300x300/filters:fill(white)/product/57/5066113/1.jpg?4123,https://www.jumia.com.ng/samsung-galaxy-a05-6.7-4gb-ram64gb-rom-android-13-black-311660575.html,18.0,5.0,3,Medium,0.000148,samsung galaxy a05,4GB,64GB,Not Specified,non,Black,"6.7"" RAM 6 ROM Android 13"
Unknown Product,135280,https://ng.jumia.is/unsafe/fit-in/300x300/filters:fill(white)/product/83/9741914/1.jpg?5916,https://www.jumia.com.ng/v.polo-s25ultra-4g-6.8inch6gb-ram128gb-romandroid15.0-5800mah-black-419147938.html,0.0,0.0,0,Medium,0.0,unknown product,NOT SPECIFIED,NOT SPECIFIED,Not Specified,non,Unknown,Unknown Product
"V.POLO S25ultra 4G -6.8inch,6GB RAM/128GB ROM,android15.0, 5800mAh-Black",135280,https://ng.jumia.is/unsafe/fit-in/300x300/filters:fill(white)/product/83/9741914/1.jpg?5916,https://www.jumia.com.ng/v.polo-s25ultra-4g-6.8inch6gb-ram128gb-romandroid15.0-5800mah-black-419147938.html,50.0,5.0,1,Medium,7.4e-05,v.polo s25ultra,6GB,128GB,Not Specified,5800mAh,Black,V. 4G 6.8inch RAM ROM android15.0
Tecno Pop 10 Smart Phone With 128GB ROM & 3GB RAM,135999,https://ng.jumia.is/unsafe/fit-in/300x300/filters:fill(white)/product/26/8872814/1.jpg?5562,https://www.jumia.com.ng/tecno-pop-10-smart-phone-with-128gb-rom-3gb-ram-418278862.html,32.0,3.7,30,Medium,0.000843,tecno pop 10,3GB,128GB,Not Specified,non,Unknown,Smart Phone With ROM & RAM
"OUKITEL C65 Smartphones 6.7“HD, 5150mAh, 50MP Camera, 128GB/16GB RAM 1TB Expansion,Android 15 Phones, 3 SIM Slots Cell Phone, 95dB Loudly Speaker,Reverse Charging/Fingerprint/Face ID/BT5.0/GPS/3.5 mm Jack with case- Purple",136710,https://ng.jumia.is/unsafe/fit-in/300x300/filters:fill(white)/product/24/8101914/1.jpg?4956,https://www.jumia.com.ng/oukitel-c65-smartphones-6.7hd-5150mah-50mp-camera-128gb16gb-ram-1tb-expansionandroid-15-phones-3-sim-slots-cell-phone-95db-loudly-speakerreverse-chargingfingerprintface-idbt5.0gps3.5-mm-jack-with-case-purple-419101842.html,42.0,5.0,1,Medium,7.3e-05,oukitel c65,28GB,16GB,Not Specified,5150mAh,Purple,Smartphones 6.7“HD 50MP Camera 1 RAM 1TB Expansion Android 15 Phones 3 SIM Slots Cell Phone 95dB Loudly Speaker Reverse Charging Fingerprint Face ID BT5.0 GPS 3.5 mm Jack with case
"OUKITEL C65 Smartphones 6.7“HD, 5150mAh, 50MP Camera,16GB RAM/128GB ROM 1TB Expansion,3 SIM Slots Mobile Phones ,Android 15 Phone, 95dB Loudly Speaker, Reverse Charging, Fingerprint/Face ID/3.5 mm Jack/Sound Amplifier- Dark Blue",136710,https://ng.jumia.is/unsafe/fit-in/300x300/filters:fill(white)/product/58/3101914/1.jpg?8653,https://www.jumia.com.ng/oukitel-c65-smartphones-6.7hd-5150mah-50mp-camera16gb-ram128gb-rom-1tb-expansion3-sim-slots-mobile-phones-android-15-phone-95db-loudly-speaker-reverse-charging-fingerprintface-id3.5-mm-jacksound-amplifier-dark-blue-419101385.html,42.0,4.0,1,Medium,5.9e-05,oukitel c65,16GB,128GB,Not Specified,5150mAh,Blue,Smartphones 6.7“HD 50MP Camera RAM ROM 1TB Expansion 3 SIM Slots Mobile Phones Android 15 Phone 95dB Loudly Speaker Reverse Charging Fingerprint Face ID 3.5 mm Jack Sound Amplifier Dark
Unknown Product,136710,https://ng.jumia.is/unsafe/fit-in/300x300/filters:fill(white)/product/54/0304914/1.jpg?1906,https://www.jumia.com.ng/oukitel-c65-smartphones-6.7hd-5150mah-50mp-camera16gb-ram128gb-romandroid-15-phone3-sim-slots-mobile-phones-fingerprint3.5-mm-jacksound-amplifier-gold-419403045.html,0.0,0.0,0,Medium,0.0,unknown product,NOT SPECIFIED,NOT SPECIFIED,Not Specified,non,Unknown,Unknown Product
Landvo  i17 Pro Max 7.3 Inch Android 15 Smartphone 4+64GB 4G Network  All-in-One Phone Dual SIM Standby,137362,https://ng.jumia.is/unsafe/fit-in/300x300/filters:fill(white)/product/93/5971914/1.jpg?6142,https://www.jumia.com.ng/landvo-i17-pro-max-7.3-inch-android-15-smartphone-464gb-4g-network-all-in-one-phone-dual-sim-standby-419179539.html,0.0,0.0,0,Medium,0.0,landvo i17 pro max,64GB + 4GB,NOT SPECIFIED,Not Specified,non,Unknown,Pro Max 7.3 Inch Android 15 Smartphone 4 64GB 4G Network All in One Phone Dual SIM Standby
"Samsung Galaxy A07 6.7"" 4GB RAM/64GBGB ROM - Black",137879,https://ng.jumia.is/unsafe/fit-in/300x300/filters:fill(white)/product/70/8916814/1.jpg?8930,https://www.jumia.com.ng/samsung-galaxy-a07-6.7-4gb-ram64gbgb-rom-black-418619807.html,7.0,4.4,66,Medium,0.002138,samsung galaxy a07,4GB,64GB,Not Specified,non,Black,"6.7"" RAM 6GB ROM"
Unknown Product,137879,https://ng.jumia.is/unsafe/fit-in/300x300/filters:fill(white)/product/70/8916814/1.jpg?8930,https://www.jumia.com.ng/samsung-galaxy-a07-6.7-4gb-ram64gbgb-rom-black-418619807.html,0.0,0.0,0,Medium,0.0,unknown product,NOT SPECIFIED,NOT SPECIFIED,Not Specified,non,Unknown,Unknown Product
"itel A200+  AI Fusion Camera System 128gb 6000mah IP65 120Hz 6.75"" Android  Orange + LIMITED GIFT A1112",138900,https://ng.jumia.is/unsafe/fit-in/300x300/filters:fill(white)/product/54/9253914/1.jpg?5203,https://www.jumia.com.ng/itel-a200-ai-fusion-camera-system-128gb-6000mah-ip65-120hz-6.75-android-orange-limited-gift-a1112-419352945.html,25.0,5.0,2,Medium,0.000108,itel a200+,NOT SPECIFIED,NOT SPECIFIED,Not Specified,6000mAh,Orange,"AI Fusion Camera System 128gb IP65 120Hz 6.75"" Android LIMITED GIFT A1112"
"itel A200+  AI Fusion Camera System 128gb/3+5gb 6000mah IP65 120Hz 6.75"" Android  Titanium + LIMITED GIFT A1112",138900,https://ng.jumia.is/unsafe/fit-in/300x300/filters:fill(white)/product/87/9173914/1.jpg?4948,https://www.jumia.com.ng/itel-a200-ai-fusion-camera-system-128gb35gb-6000mah-ip65-120hz-6.75-android-titanium-limited-gift-a1112-419371978.html,25.0,5.0,1,Medium,7.2e-05,itel a200+,5GB + 3GB,NOT SPECIFIED,Not Specified,6000mAh,Titanium,"AI Fusion Camera System 128gb 3 5gb IP65 120Hz 6.75"" Android Titanium LIMITED GIFT A1112"
"itel A200+  AI Fusion Camera System 128gb/3+5gb 6000mah IP65 120Hz 6.75"" Android  Blue + LIMITED GIFT A1112",138900,https://ng.jumia.is/unsafe/fit-in/300x300/filters:fill(white)/product/56/9253914/1.jpg?5077,https://www.jumia.com.ng/itel-a200-ai-fusion-camera-system-128gb35gb-6000mah-ip65-120hz-6.75-android-blue-limited-gift-a1112-419352965.html,25.0,1.0,1,Medium,1.4e-05,itel a200+,5GB + 3GB,NOT SPECIFIED,Not Specified,6000mAh,Blue,"AI Fusion Camera System 128gb 3 5gb IP65 120Hz 6.75"" Android LIMITED GIFT A1112"
"Samsung Galaxy A06 6.7"" 4GB RAM/128GB ROM Android 14 - Black",139943,https://ng.jumia.is/unsafe/fit-in/300x300/filters:fill(white)/product/46/2416104/1.jpg?7657,https://www.jumia.com.ng/samsung-galaxy-a06-6.7-4gb-ram128gb-rom-android-14-black-401614264.html,8.0,4.0,205,Medium,0.005888,samsung galaxy a06,4GB,128GB,Not Specified,non,Black,"6.7"" RAM ROM Android 14"
"Samsung Galaxy A06 6.7"" 4GB RAM/ 128GB ROM Android 14 - Black",139943,https://ng.jumia.is/unsafe/fit-in/300x300/filters:fill(white)/product/99/1324483/1.jpg?7816,https://www.jumia.com.ng/samsung-galaxy-a06-6.7-4gb-ram-128gb-rom-android-14-black-384423199.html,8.0,4.2,600,Medium,0.018037,samsung galaxy a06,4GB,128GB,Not Specified,non,Black,"6.7"" RAM ROM Android 14"
Infinix Smart 10 6.67 Inches Screen Display  8MP+2MP rear camera +8MP front camera. 64GB ROM +3GB RAM  5000 Battery capacity  4G Network  Dust and water Resistant,140000,https://ng.jumia.is/unsafe/fit-in/300x300/filters:fill(white)/product/35/7076514/1.jpg?0084,https://www.jumia.com.ng/infinix-smart-10-6.67-inches-screen-display-8mp2mp-rear-camera-8mp-front-camera.-64gb-rom-3gb-ram-5000-battery-capacity-4g-network-dust-and-water-resistant-415670753.html,0.0,5.0,1,Medium,7.1e-05,Infinix Smart 10,3GB,64GB,8MP+2MP,non,Unknown,6.67 Inches Screen Display rear camera 8MP front camera. ROM RAM 5000 Battery capacity 4G Network Dust and water Resistant
Infinix Smart 10 64GB ROM +3GB RAM 6.67 Inches Screen Display 8MP+2MP Camera  5000 Battery Capacity  4G Network Side Fingerprint,140000,https://ng.jumia.is/unsafe/fit-in/300x300/filters:fill(white)/product/01/5739614/1.jpg?5290,https://www.jumia.com.ng/infinix-smart-10-64gb-rom-3gb-ram-6.67-inches-screen-display-8mp2mp-camera-5000-battery-capacity-4g-network-side-fingerprint-416937510.html,0.0,3.8,4,Medium,0.000136,infinix smart 10,3GB,64GB,8MP+2MP,non,Unknown,ROM RAM 6.67 Inches Screen Display Camera 5000 Battery Capacity 4G Network Side Fingerprint
XIAOMI Redmi 15C 6.9'' 4GBRAM/128GB ROM Android 15 - Blue,142879,https://ng.jumia.is/unsafe/fit-in/300x300/filters:fill(white)/product/43/6136814/1.jpg?3718,https://www.jumia.com.ng/redmi-15c-6.9-4gbram128gb-rom-android-15-blue-xiaomi-mpg11795981.html,5.0,4.1,135,Medium,0.003903,XIAOMI Redmi 15C,4GB,128GB,Not Specified,non,Blue,6.9'' RAM ROM Android 15
"OUKITEL C26 Android 16 Smartphones 6.63”HD+, 5150mAh Battery, Gemini AI, 16GB 128GB 1TB Expansion Android Phones, 13MP+5MP Camera Smart Phones, Reverse Charging Phones, 4G Dual SIM,NFC,Fingerprint,Bluetooth 5.0,Face ID,GPS,Purple",144060,https://ng.jumia.is/unsafe/fit-in/300x300/filters:fill(white)/product/20/1253914/1.jpg?6048,https://www.jumia.com.ng/oukitel-c26-android-16-smartphones-6.63hd-5150mah-battery-gemini-ai-16gb-128gb-1tb-expansion-android-phones-13mp5mp-camera-smart-phones-reverse-charging-phones-4g-dual-simnfcfingerprintbluetooth-5.0face-idgpspurple-419352102.html,39.0,2.5,2,Medium,5.2e-05,oukitel c26,16GB,128GB,13MP+5MP,5150mAh,Purple,Android 16 Smartphones 6.63”HD Battery Gemini AI 1TB Expansion Android Phones Camera Smart Phones Reverse Charging Phones 4G Dual SIM NFC Fingerprint tooth 5.0 Face ID GPS Purple
Samsung Galaxy A06 4GB RAM + 128GB ROM BLACK,144990,https://ng.jumia.is/unsafe/fit-in/300x300/filters:fill(white)/product/57/7687083/1.jpg?5268,https://www.jumia.com.ng/samsung-galaxy-a06-4gb-ram-128gb-rom-black-380786775.html,19.0,4.2,137,Medium,0.003998,samsung galaxy a06,4GB,128GB,Not Specified,non,Black,RAM ROM
XIAOMI Redmi 15C 6.9'' 4GBRAM/128GB ROM Android 15 -Midnight Black,146851,https://ng.jumia.is/unsafe/fit-in/300x300/filters:fill(white)/product/84/1795814/1.jpg?4796,https://www.jumia.com.ng/xiaomi-redmi-15c-6.9-4gbram128gb-rom-android-15-midnight-black-418597148.html,2.0,4.1,559,Medium,0.015635,XIAOMI Redmi 15C,4GB,128GB,Not Specified,non,Midnight Black,6.9'' RAM ROM Android 15 Midnight
Tecno Pop 10 Pro Smart Phone With 128GB ROM & 4GB RAM,148499,https://ng.jumia.is/unsafe/fit-in/300x300/filters:fill(white)/product/00/2510914/1.jpg?5593,https://www.jumia.com.ng/tecno-pop-10-pro-smart-phone-with-128gb-rom-4gb-ram-419015200.html,26.0,3.7,9,Medium,0.000249,Tecno Pop 10 Pro,4GB,128GB,Not Specified,non,Unknown,Pro Smart Phone With ROM & RAM
"Poco C85 6.9"" 6GB RAM / 128GB ROM Xiaomi HyperOS - Black",148695,https://ng.jumia.is/unsafe/fit-in/300x300/filters:fill(white)/product/18/4357814/1.jpg?3343,https://www.jumia.com.ng/poco-c85-6.9-6gb-ram-128gb-rom-xiaomi-hyperos-black-418753481.html,6.0,4.4,82,Medium,0.002456,poco c85,6GB,128GB,Not Specified,non,Black,"6.9"" RAM ROM Xiaomi HyperOS"
"OUKITEL C26 Android 16 Smartphones 6.63”HD+, 5150mAh Battery, Gemini AI, 16GB 128GB 1TB Expansion Android Phones, 13MP+5MP Camera Smart Phone, Reverse Charging Phones, 4G Dual SIM,NFC,Fingerprint,BT5.0,Face ID,GPS,Blue",148960,https://ng.jumia.is/unsafe/fit-in/300x300/filters:fill(white)/product/43/4232914/1.jpg?7363,https://www.jumia.com.ng/oukitel-c26-android-16-smartphones-6.63hd-5150mah-battery-gemini-ai-16gb-128gb-1tb-expansion-android-phones-13mp5mp-camera-smart-phone-reverse-charging-phones-4g-dual-simnfcfingerprintbt5.0face-idgpsblue-419232434.html,39.0,0.0,0,Medium,0.0,oukitel c26,16GB,128GB,13MP+5MP,5150mAh,Blue,Android 16 Smartphones 6.63”HD Battery Gemini AI 1TB Expansion Android Phones Camera Smart Phone Reverse Charging Phones 4G Dual SIM NFC Fingerprint BT5.0 Face ID GPS
"OUKITEL C26 Android 16 Smartphones 6.63”HD+, 5150mAh Battery, Gemini AI, 16GB 128GB 1TB Expansion Android Phones, 13MP+5MP Camera Smart Phones, Reverse Charging Phones, 4G Dual SIM,NFC,Fingerprint,Bluetooth 5.0,Face ID,GPS,Gold",148960,https://ng.jumia.is/unsafe/fit-in/300x300/filters:fill(white)/product/69/0253914/1.jpg?7412,https://www.jumia.com.ng/oukitel-c26-android-16-smartphones-6.63hd-5150mah-battery-gemini-ai-16gb-128gb-1tb-expansion-android-phones-13mp5mp-camera-smart-phones-reverse-charging-phones-4g-dual-simnfcfingerprintbluetooth-5.0face-idgpsgold-419352096.html,39.0,0.0,0,Medium,0.0,oukitel c26,16GB,128GB,13MP+5MP,5150mAh,Blue,Android 16 Smartphones 6.63”HD Battery Gemini AI 1TB Expansion Android Phones Camera Smart Phones Reverse Charging Phones 4G Dual SIM NFC Fingerprint tooth 5.0 Face ID GPS Gold
"OUKITEL C26 Android 16 Smartphones 6.63”HD+, 5150mAh Battery, Gemini AI, 16GB 128GB 1TB Expansion Android Phone, 13MP+5MP Camera Smart Phones, Reverse Charging Phones, 4G Dual SIM,NFC,Fingerprint,BT5.0,Face ID,GPS,Orange",148960,https://ng.jumia.is/unsafe/fit-in/300x300/filters:fill(white)/product/44/4232914/1.jpg?7580,https://www.jumia.com.ng/oukitel-c26-android-16-smartphones-6.63hd-5150mah-battery-gemini-ai-16gb-128gb-1tb-expansion-android-phone-13mp5mp-camera-smart-phones-reverse-charging-phones-4g-dual-simnfcfingerprintbt5.0face-idgpsorange-419232444.html,39.0,0.0,0,Medium,0.0,oukitel c26,16GB,128GB,13MP+5MP,5150mAh,Orange,Android 16 Smartphones 6.63”HD Battery Gemini AI 1TB Expansion Android Phone Camera Smart Phones Reverse Charging Phones 4G Dual SIM NFC Fingerprint BT5.0 Face ID GPS
"Samsung Galaxy A07 6.7"" 4GB RAM/ 64GB ROM Android 15 + FREE CHARGER",148990,https://ng.jumia.is/unsafe/fit-in/300x300/filters:fill(white)/product/81/6936814/1.jpg?3074,https://www.jumia.com.ng/samsung-galaxy-a07-6.7-4gb-ram-64gb-rom-android-15-free-charger-418639618.html,12.0,4.8,11,Medium,0.000387,samsung galaxy a07,4GB,64GB,Not Specified,non,Unknown,"6.7"" RAM 6 ROM Android 15 FREE CHARGER"
"Samsung Galaxy A07 6.7"" 4GB RAM/ 64GB ROM Android 15 - Black PLUS FREE GIFT",148990,https://ng.jumia.is/unsafe/fit-in/300x300/filters:fill(white)/product/16/6936814/1.jpg?2989,https://www.jumia.com.ng/samsung-galaxy-a07-6.7-4gb-ram-64gb-rom-android-15-black-plus-free-gift-418639661.html,12.0,4.1,18,Medium,0.000523,samsung galaxy a07,4GB,64GB,Not Specified,non,Black,"6.7"" RAM 6 ROM Android 15 PLUS FREE GIFT"
"itel City 200  7.45mm"" 128/4+4gb Unibody Metallic Deco  6.78"" 120Hz IP65 5200mah Android  Purple + FREE SPEAKER",149500,https://ng.jumia.is/unsafe/fit-in/300x300/filters:fill(white)/product/16/4382914/1.jpg?4633,https://www.jumia.com.ng/itel-city-200-7.45mm-12844gb-unibody-metallic-deco-6.78-120hz-ip65-5200mah-android-purple-free-speaker-419283461.html,19.0,4.0,3,Medium,0.000107,itel city 200,4GB + 4GB,NOT SPECIFIED,Not Specified,5200mAh,Purple,"7.45mm"" 128 4 4gb Unibody Metallic Deco 6.78"" 120Hz IP65 Android FREE SPEAKER"
"itel City 200  7.45mm"" 128/4+4gb Unibody Metallic Deco  6.78"" 120Hz IP65 5200mah Android Black + FREE SPEAKER",149500,https://ng.jumia.is/unsafe/fit-in/300x300/filters:fill(white)/product/83/3382914/1.jpg?4543,https://www.jumia.com.ng/itel-city-200-7.45mm-12844gb-unibody-metallic-deco-6.78-120hz-ip65-5200mah-android-black-free-speaker-419283338.html,19.0,4.3,3,Medium,0.000115,itel city 200,4GB + 4GB,NOT SPECIFIED,Not Specified,5200mAh,Black,"7.45mm"" 128 4 4gb Unibody Metallic Deco 6.78"" 120Hz IP65 Android FREE SPEAKER"
"itel City 200  7.45mm"" 128/4+4gb Unibody Metallic Deco  6.78"" 120Hz IP65 5200mah Android Silver-  Black + FREE SPEAKER",149500,https://ng.jumia.is/unsafe/fit-in/300x300/filters:fill(white)/product/09/4382914/1.jpg?4753,https://www.jumia.com.ng/itel-city-200-7.45mm-12844gb-unibody-metallic-deco-6.78-120hz-ip65-5200mah-android-silver-black-free-speaker-419283490.html,19.0,5.0,2,Medium,0.0001,itel city 200,4GB + 4GB,NOT SPECIFIED,Not Specified,5200mAh,Silver,"7.45mm"" 128 4 4gb Unibody Metallic Deco 6.78"" 120Hz IP65 Android Silver FREE SPEAKER"
"XIAOMI REDMI A5 - 6.88"" 4GB RAM + 128GB ROM -Android 15--Dual Sim - 5200mAh - BLACK",150500,https://ng.jumia.is/unsafe/fit-in/300x300/filters:fill(white)/product/15/9776904/1.jpg?2252,https://www.jumia.com.ng/xiaomi-redmi-a5-6.88-4gb-ram-128gb-rom-android-15-dual-sim-5200mah-black-409677951.html,0.0,5.0,1,Medium,6.6e-05,xiaomi redmi a5,4GB,128GB,Not Specified,5200mAh,Black,"XIAOMI 6.88"" RAM ROM Android 15 Dual Sim"
Samsung Galaxy A06 4GB RAM + 128GB ROM LIGHT BLUE (Plus Free Adapter),150990,https://ng.jumia.is/unsafe/fit-in/300x300/filters:fill(white)/product/81/5323404/1.jpg?5638,https://www.jumia.com.ng/samsung-galaxy-a06-4gb-ram-128gb-rom-light-blue-plus-free-adapter-404323518.html,16.0,4.2,16,Medium,0.000473,samsung galaxy a06,4GB,128GB,Not Specified,non,Blue,RAM ROM LIGHT (Plus Free Adapter)
Samsung Galaxy A06 4GB RAM + 128GB ROM BLACK (Plus Free Adapter),150990,https://ng.jumia.is/unsafe/fit-in/300x300/filters:fill(white)/product/05/1870704/1.jpg?0729,https://www.jumia.com.ng/samsung-galaxy-a06-4gb-ram-128gb-rom-black-plus-free-adapter-407078150.html,16.0,4.9,7,Medium,0.00026,samsung galaxy a06,4GB,128GB,Not Specified,non,Black,RAM ROM (Plus Free Adapter)
Infinix Smart 10 Plus Smart Phone With 128GB ROM & 4GB RAM,151499,https://ng.jumia.is/unsafe/fit-in/300x300/filters:fill(white)/product/93/6772814/1.jpg?3344,https://www.jumia.com.ng/infinix-smart-10-plus-smart-phone-with-128gb-rom-4gb-ram-418277639.html,24.0,4.1,112,Medium,0.003058,infinix smart 10 plus,4GB,128GB,Not Specified,non,Unknown,Plus Smart Phone With ROM & RAM
Philips Essence 20 6.56 HD Punch Hole 256GB ROM / Up to 16G ( 8 + 8 GB) Extended RAM  Android 13 -  Aurora Blue,151600,https://ng.jumia.is/unsafe/fit-in/300x300/filters:fill(white)/product/03/9276004/1.jpg?7365,https://www.jumia.com.ng/philips-essence-20-6.56-hd-punch-hole-256gb-rom-up-to-16g-8-8-gb-extended-ram-android-13-aurora-blue-400672930.html,19.0,4.2,13,Medium,0.000388,philips essence 20,NOT SPECIFIED,256GB,Not Specified,non,Blue,6.56 HD Punch Hole ROM Up to 16G ( 8 8 GB) Extended RAM Android 13 Aurora
XIAOMI Redmi 15C 6.9'' 6GBRAM/128GB ROM Android 15 -Midnight Black,153206,https://ng.jumia.is/unsafe/fit-in/300x300/filters:fill(white)/product/17/3167814/1.jpg?1872,https://www.jumia.com.ng/xiaomi-redmi-15c-6.9-6gbram128gb-rom-android-15-midnight-black-418761371.html,5.0,4.4,259,Medium,0.007467,XIAOMI Redmi 15C,6GB,128GB,Not Specified,non,Midnight Black,6.9'' RAM ROM Android 15 Midnight
"OUKITEL WP28E Rugged Smartphone 6.52""HD,10600mAh,20MP+5MP 16GB RAM/64GB ROM/1TB Expansion Android 15 Phones,IP68/IP69K Dustproof Phone,Waterproof Rugged Phone,4G Dual SIM,NFC,BT5.0- Orange",154350,https://ng.jumia.is/unsafe/fit-in/300x300/filters:fill(white)/product/07/8102914/1.jpg?0218,https://www.jumia.com.ng/oukitel-wp28e-rugged-smartphone-6.52hd10600mah20mp5mp-16gb-ram64gb-rom1tb-expansion-android-15-phonesip68ip69k-dustproof-phonewaterproof-rugged-phone4g-dual-simnfcbt5.0-orange-419201870.html,47.0,0.0,0,Medium,0.0,oukitel wp28e,16GB,64GB,20MP+5MP,10600mAh,Orange,"Rugged Smartphone 6.52""HD RAM ROM 1TB Expansion Android 15 Phones IP68 IP69K Dustproof Phone Waterproof Rugged Phone 4G Dual SIM NFC BT5.0"
Unknown Product,155416,https://ng.jumia.is/unsafe/fit-in/300x300/filters:fill(white)/product/14/9235814/1.jpg?1809,https://www.jumia.com.ng/infinix-hot-60i-6.78-4gb-ram128gb-rom-android-15-black-418532941.html,0.0,0.0,0,Medium,0.0,unknown product,NOT SPECIFIED,NOT SPECIFIED,Not Specified,non,Unknown,Unknown Product
"Infinix Hot 60i 6.78"" 4GB RAM/128GB ROM Android 15-Black",155416,https://ng.jumia.is/unsafe/fit-in/300x300/filters:fill(white)/product/14/9235814/1.jpg?1809,https://www.jumia.com.ng/infinix-hot-60i-6.78-4gb-ram128gb-rom-android-15-black-418532941.html,27.0,4.1,448,Medium,0.011845,infinix hot 60i,4GB,128GB,Not Specified,non,Black,"6.78"" RAM ROM Android 15"
Unknown Product,158760,https://ng.jumia.is/unsafe/fit-in/300x300/filters:fill(white)/product/88/1396314/1.jpg?0405,https://www.jumia.com.ng/oukitel-c61-6.88-hd-5150mah-16gb-ram-128gb-13mp-main-camera-gold-413693188.html,0.0,0.0,0,Medium,0.0,unknown product,NOT SPECIFIED,NOT SPECIFIED,Not Specified,non,Unknown,Unknown Product
"OUKITEL C61, 6.88"" HD+, 5150mAh, 16GB RAM + 128GB, 13MP Main Camera - Gold",158760,https://ng.jumia.is/unsafe/fit-in/300x300/filters:fill(white)/product/88/1396314/1.jpg?0405,https://www.jumia.com.ng/oukitel-c61-6.88-hd-5150mah-16gb-ram-128gb-13mp-main-camera-gold-413693188.html,22.0,3.2,85,Medium,0.001733,oukitel c61,16GB,128GB,Not Specified,5150mAh,Gold,"6.88"" HD RAM 128GB 13MP Main Camera"
"Tecno  Spark 40C  6.67"",  4GB RAM/128GB ROM, 6000mAH  Battery, 18W Super Charging- Blue",159400,https://ng.jumia.is/unsafe/fit-in/300x300/filters:fill(white)/product/37/4412914/1.jpg?0530,https://www.jumia.com.ng/tecno-spark-40c-6.67-4gb-ram128gb-rom-6000mah-battery-18w-super-charging-blue-419214473.html,9.0,0.0,0,Medium,0.0,tecno spark 40c,4GB,128GB,Not Specified,6000mAh,Blue,"6.67"" RAM ROM Battery 18W Super Charging"
"Tecno  Spark 40C  6.67"",  4GB RAM/128GB ROM, 6000mAH  Battery, 18W Super Charging- Black",159999,https://ng.jumia.is/unsafe/fit-in/300x300/filters:fill(white)/product/16/4412914/1.jpg?0065,https://www.jumia.com.ng/tecno-spark-40c-6.67-4gb-ram128gb-rom-6000mah-battery-18w-super-charging-black-419214461.html,38.0,5.0,2,Medium,9.4e-05,tecno spark 40c,4GB,128GB,Not Specified,6000mAh,Black,"6.67"" RAM ROM Battery 18W Super Charging"
"OUKITEL C61 GT Smartphone 6.88""HD+,5150mAh, Gemini AI, 16GB RAM/128GB ROM, Android 15 Mobile Phone,13MP+5MP,4G Dual SIM Phones Fingerprint/Face ID/GPS/BT5.0 - Black",160230,https://ng.jumia.is/unsafe/fit-in/300x300/filters:fill(white)/product/77/3101914/1.jpg?0619,https://www.jumia.com.ng/oukitel-c61-gt-smartphone-6.88hd5150mah-gemini-ai-16gb-ram128gb-rom-android-15-mobile-phone13mp5mp4g-dual-sim-phones-fingerprintface-idgpsbt5.0-black-419101377.html,36.0,3.7,7,Medium,0.000185,oukitel c61,16GB,128GB,13MP+5MP,5150mAh,Black,"GT Smartphone 6.88""HD Gemini AI RAM ROM Android 15 Mobile Phone 4G Dual SIM Phones Fingerprint Face ID GPS BT5.0"
"Tecno Spark 40 6.67"" 4GB RAM/128GB ROM Android 15 - Titanium grey",160543,https://ng.jumia.is/unsafe/fit-in/300x300/filters:fill(white)/product/87/1130914/1.jpg?7159,https://www.jumia.com.ng/spark-40-6.67-4gb-ram128gb-rom-android-15-titanium-grey-tecno-mpg11699369.html,4.0,3.9,283,Medium,0.006899,tecno spark 40,4GB,128GB,Not Specified,non,Titanium,"6.67"" RAM ROM Android 15 Titanium"
Unknown Product,160543,https://ng.jumia.is/unsafe/fit-in/300x300/filters:fill(white)/product/82/1130914/1.jpg?4839,https://www.jumia.com.ng/spark-40-6.67-4gb-ram128gb-rom-android-15-black-tecno-mpg11699368.html,0.0,0.0,0,Medium,0.0,unknown product,NOT SPECIFIED,NOT SPECIFIED,Not Specified,non,Unknown,Unknown Product
"Tecno Spark 40 6.67"" 4GB RAM/128GB ROM Android 15 - Black",160543,https://ng.jumia.is/unsafe/fit-in/300x300/filters:fill(white)/product/82/1130914/1.jpg?4839,https://www.jumia.com.ng/spark-40-6.67-4gb-ram128gb-rom-android-15-black-tecno-mpg11699368.html,7.0,4.2,325,Medium,0.008529,tecno spark 40,4GB,128GB,Not Specified,non,Black,"6.67"" RAM ROM Android 15"
"OUKITEL WP23S Rugged Smartphone-T615, 10600mAh, 16GB/64GB ROM,Android 15 Phones, 6.52'' Display Rugged Phone, 13MP Camera, 4G Dual SIM Cell Phone, IP68/69K/NFC/GPS/OTG, Orange",161700,https://ng.jumia.is/unsafe/fit-in/300x300/filters:fill(white)/product/18/8102914/1.jpg?9936,https://www.jumia.com.ng/oukitel-wp23s-rugged-smartphone-t615-10600mah-16gb64gb-romandroid-15-phones-6.52-display-rugged-phone-13mp-camera-4g-dual-sim-cell-phone-ip6869knfcgpsotg-orange-419201881.html,45.0,0.0,0,Medium,0.0,oukitel wp23s rugged,16GB,64GB,Not Specified,10600mAh,Orange,Rugged Smartphone T615 ROM Android 15 Phones 6.52'' Display Rugged Phone 13MP Camera 4G Dual SIM Cell Phone IP68 69K NFC GPS OTG
"XIAOMI Redmi 15C-6.9"",4GB/128GB,Android 15,50MP/8MP,6000mAh-Mightnight Black",162599,https://ng.jumia.is/unsafe/fit-in/300x300/filters:fill(white)/product/87/5957814/1.jpg?3874,https://www.jumia.com.ng/xiaomi-redmi-15c-6.94gb128gbandroid-1550mp8mp6000mah-mightnight-black-418759578.html,1.0,3.3,4,Medium,0.000101,xiaomi redmi 15c,4GB,128GB,Not Specified,6000mAh,Black,"6.9"" Android 15 50MP 8MP Mightnight"
AGM AGM H MAX 4G Rugged Smartphone Android 14 10000mAh 8(4+4)GB+128GB,162750,https://ng.jumia.is/unsafe/fit-in/300x300/filters:fill(white)/product/53/0922093/1.jpg?0000,https://www.jumia.com.ng/agm-agm-h-max-4g-rugged-smartphone-android-14-10000mah-844gb128gb-390229035.html,55.0,4.3,22,Medium,0.000608,agm agm h max 4g rugged smartphone,NOT SPECIFIED,NOT SPECIFIED,Not Specified,10000mAh,Unknown,AGM AGM Rugged Smartphone Android 14 8(4 4)GB 128GB
"Dodgee Local Stock Note56 Pro 6.56"" HD+ 90Hz Android 16 Smartphone, 32GB RAM (28GB extend) + 128GB ROM, 6150mAh Long Battery, Dual 4G Sim Card slot, Gemini AI, Face Unlock, Black",163200,https://ng.jumia.is/unsafe/fit-in/300x300/filters:fill(white)/product/02/5311914/1.jpg?7940,https://www.jumia.com.ng/dodgee-local-stock-note56-pro-6.56-hd-90hz-android-16-smartphone-32gb-ram-28gb-extend-128gb-rom-6150mah-long-battery-dual-4g-sim-card-slot-gemini-ai-face-unlock-black-419113520.html,71.0,3.5,2,Medium,6.4e-05,dodgee local stock note56 pro,28GB,128GB,Not Specified,6150mAh,Black,"Dodgee Local Pro 6.56"" HD 90Hz Android 16 Smartphone RAM (28GB extend) ROM Long Battery Dual 4G Sim Card slot Gemini AI Face Unlock"
Redmi 15C 6.9'' 4GBRAM/128GB ROM Android 15 -Midnight Black,163499,https://ng.jumia.is/unsafe/fit-in/300x300/filters:fill(white)/product/14/9882914/1.jpg?0461,https://www.jumia.com.ng/redmi-15c-6.9-4gbram128gb-rom-android-15-midnight-black-419288941.html,7.0,0.0,0,Medium,0.0,XIAOMI Redmi 15C,4GB,128GB,Not Specified,non,Midnight Black,6.9'' RAM ROM Android 15 Midnight
Redmi 15C 6.9'' 4GBRAM/128GB ROM Android 15 - Green,163499,https://ng.jumia.is/unsafe/fit-in/300x300/filters:fill(white)/product/34/3782914/1.jpg?8148,https://www.jumia.com.ng/redmi-15c-6.9-4gbram128gb-rom-android-15-green-419287343.html,12.0,3.0,2,Medium,5.5e-05,XIAOMI Redmi 15C,4GB,128GB,Not Specified,non,Green,6.9'' RAM ROM Android 15 Green
Redmi 15C 6.9'' 4GBRAM/128GB ROM Android 15 -Blue,163499,https://ng.jumia.is/unsafe/fit-in/300x300/filters:fill(white)/product/50/1782914/1.jpg?1231,https://www.jumia.com.ng/redmi-15c-6.9-4gbram128gb-rom-android-15-blue-419287105.html,12.0,1.0,1,Medium,1.2e-05,XIAOMI Redmi 15C,4GB,128GB,Not Specified,non,Blue,6.9'' RAM ROM Android 15
Tecno Spark 40 Smart Phone With 128GB ROM & 4GB RAM,164699,https://ng.jumia.is/unsafe/fit-in/300x300/filters:fill(white)/product/64/0282814/1.jpg?5824,https://www.jumia.com.ng/tecno-spark-40-smart-phone-with-128gb-rom-4gb-ram-418282046.html,34.0,4.0,132,Medium,0.00323,tecno spark 40,4GB,128GB,Not Specified,non,Unknown,Smart Phone With ROM & RAM
"itel P55+ 6.6"", 128GB ROM + Up To 16GB RAM, 5000mAh 45W, 50MP, 4G",166990,https://ng.jumia.is/unsafe/fit-in/300x300/filters:fill(white)/product/71/1885772/1.jpg?4307,https://www.jumia.com.ng/itel-p55-6.6-128gb-rom-up-to-16gb-ram-5000mah-45w-50mp-4g-277588117.html,17.0,0.0,0,Medium,0.0,itel a200+,16GB,128GB,Not Specified,5000mAh,Unknown,"6.6"" ROM Up To RAM 45W 50MP 4G"
OUKITEL WP32 Ultra-Thin Rugged Smartphone 128GB/16GB RAM 20MP Camera Android 14 Phones 6''HD Display 6300mAh Battery IP68/IP69K Waterproof Rugged Phone Dual SIM/NFC/GPS - Grey,167200,https://ng.jumia.is/unsafe/fit-in/300x300/filters:fill(white)/product/99/1202914/1.jpg?6970,https://www.jumia.com.ng/oukitel-wp32-ultra-thin-rugged-smartphone-128gb16gb-ram-20mp-camera-android-14-phones-6hd-display-6300mah-battery-ip68ip69k-waterproof-rugged-phone-dual-simnfcgps-grey-419202199.html,44.0,5.0,1,Medium,6e-05,oukitel wp32,28GB,16GB,Not Specified,6300mAh,Grey,Ultra Thin Rugged Smartphone 1 RAM 20MP Camera Android 14 Phones 6''HD Display Battery IP68 IP69K Waterproof Rugged Phone Dual SIM NFC GPS
"Dodgee Local Stock Note56 Pro 6.56"" HD+ 90Hz Android 16 Smartphone, 32GB RAM (28GB extend) + 128GB ROM, 6150mAh Long Battery, Dual 4G Sim Card slot, Gemini AI, Face Unlock, Black",167286,https://ng.jumia.is/unsafe/fit-in/300x300/filters:fill(white)/product/50/0273914/1.jpg?9236,https://www.jumia.com.ng/dodgee-local-stock-note56-pro-6.56-hd-90hz-android-16-smartphone-32gb-ram-28gb-extend-128gb-rom-6150mah-long-battery-dual-4g-sim-card-slot-gemini-ai-face-unlock-black-419372005.html,75.0,3.0,1,Medium,3.6e-05,dodgee local stock note56 pro,28GB,128GB,Not Specified,6150mAh,Black,"Dodgee Local Pro 6.56"" HD 90Hz Android 16 Smartphone RAM (28GB extend) ROM Long Battery Dual 4G Sim Card slot Gemini AI Face Unlock"
"OUKITEL C66 Android 16 Smartphone 64MP AI Camera,6.73""HD+120Hz Display,16GB RAM+128GB/1TB ROM Phone, Gemini AI, 5000mAh Battery Phone with 18W Fast Charging, Bluetooth 5.2, 4G Dual SIM Mobile Phones, Fingerprint/Face ID/NFC/GPS - Grey",167580,https://ng.jumia.is/unsafe/fit-in/300x300/filters:fill(white)/product/09/3202914/1.jpg?9680,https://www.jumia.com.ng/oukitel-c66-android-16-smartphone-64mp-ai-camera6.73hd120hz-display16gb-ram128gb1tb-rom-phone-gemini-ai-5000mah-battery-phone-with-18w-fast-charging-bluetooth-5.2-4g-dual-sim-mobile-phones-fingerprintface-idnfcgps-grey-419202390.html,37.0,0.0,0,Medium,0.0,oukitel c66,16GB,128GB,Not Specified,5000mAh,Blue,"Android 16 Smartphone 64MP AI Camera 6.73""HD 120Hz Display RAM 128GB 1TB ROM Phone Gemini AI Battery Phone with 18W Fast Charging tooth 5.2 4G Dual SIM Mobile Phones Fingerprint Face ID NFC GPS Grey"
"OUKITEL G5 Ultra-Thin Rugged Smartphone 6300mAh 6""HD, 16GB/128GB ROM Double Camping Light,IP68/IP69K Waterproof Rugged Phone,Outdoor Android 15 Phone 13MP+5MP Camera, Dual Sim/Face ID/Fingerprint - Black",168720,https://ng.jumia.is/unsafe/fit-in/300x300/filters:fill(white)/product/41/4101914/1.jpg?3831,https://www.jumia.com.ng/oukitel-g5-ultra-thin-rugged-smartphone-6300mah-6hd-16gb128gb-rom-double-camping-lightip68ip69k-waterproof-rugged-phoneoutdoor-android-15-phone-13mp5mp-camera-dual-simface-idfingerprint-black-419101414.html,42.0,0.0,0,Medium,0.0,oukitel g5,16GB,128GB,13MP+5MP,6300mAh,Black,"Ultra Thin Rugged Smartphone 6""HD ROM Double Camping Light IP68 IP69K Waterproof Rugged Phone Outdoor Android 15 Phone Camera Dual Sim Face ID Fingerprint"
"Poco C85 6.9"" 8GB RAM / 256GB ROM Xiaomi HyperOS - Black",172185,https://ng.jumia.is/unsafe/fit-in/300x300/filters:fill(white)/product/28/4357814/1.jpg?1883,https://www.jumia.com.ng/poco-c85-6.9-8gb-ram-256gb-rom-xiaomi-hyperos-black-418753482.html,6.0,4.2,90,Medium,0.00222,poco c85,8GB,256GB,Not Specified,non,Black,"6.9"" RAM ROM Xiaomi HyperOS"
"OUKITEL C66 Android 16 Smartphone 6.73""HD, 64MP AI Camera, Gemini AI, 16GB RAM/128GB ROM, 5000mAh Phone,18W Fast Charging, Bluetooth 5.2, 4G Dual SIM Mobile Phones, Fingerprint/Face ID/NFC/GPS - Orange",173280,https://ng.jumia.is/unsafe/fit-in/300x300/filters:fill(white)/product/88/0202914/1.jpg?9375,https://www.jumia.com.ng/oukitel-c66-android-16-smartphone-6.73hd-64mp-ai-camera-gemini-ai-16gb-ram128gb-rom-5000mah-phone18w-fast-charging-bluetooth-5.2-4g-dual-sim-mobile-phones-fingerprintface-idnfcgps-orange-419202088.html,38.0,0.0,0,Medium,0.0,oukitel c66,16GB,128GB,Not Specified,5000mAh,Orange,"Android 16 Smartphone 6.73""HD 64MP AI Camera Gemini AI RAM ROM Phone 18W Fast Charging tooth 5.2 4G Dual SIM Mobile Phones Fingerprint Face ID NFC GPS Orange"
"Hmd Pulse Pro, 6.56''-HD+ 50MP Camera 8/256GB Memory-Black Ocean",174990,https://ng.jumia.is/unsafe/fit-in/300x300/filters:fill(white)/product/54/6414053/1.jpg?2698,https://www.jumia.com.ng/hmd-pulse-pro-6.56-hd-50mp-camera-8256gb-memory-black-ocean-350414645.html,35.0,4.2,31,Medium,0.000768,hmd pulse,NOT SPECIFIED,NOT SPECIFIED,Not Specified,non,Black,Hmd Pulse Pro 6.56'' HD 50 256GB Memory Ocean
"Samsung Galaxy A07 6.7"" 4GB RAM/ 128GB ROM Android 15 - Light Violet",175230,https://ng.jumia.is/unsafe/fit-in/300x300/filters:fill(white)/product/71/3346814/1.jpg?4810,https://www.jumia.com.ng/samsung-galaxy-a07-6.7-4gb-ram-128gb-rom-android-15-light-violet-418643317.html,3.0,5.0,2,Medium,8.6e-05,samsung galaxy a07,4GB,128GB,Not Specified,non,Unknown,"6.7"" RAM ROM Android 15 Light Violet"
"Samsung Galaxy A07 6.7"" 4GB RAM/ 128GB ROM Android 15 - Green + FREE CHARGER",175230,https://ng.jumia.is/unsafe/fit-in/300x300/filters:fill(white)/product/57/5936814/1.jpg?3209,https://www.jumia.com.ng/samsung-galaxy-a07-6.7-4gb-ram-128gb-rom-android-15-green-free-charger-418639575.html,3.0,4.3,25,Medium,0.000638,samsung galaxy a07,4GB,128GB,Not Specified,non,Green,"6.7"" RAM ROM Android 15 FREE CHARGER"
"Samsung Galaxy A07 6.7"" 4GB RAM/ 128GB ROM Android 15 Black",175230,https://ng.jumia.is/unsafe/fit-in/300x300/filters:fill(white)/product/20/3346814/1.jpg?4283,https://www.jumia.com.ng/samsung-galaxy-a07-6.7-4gb-ram-128gb-rom-android-15-black-418643302.html,3.0,4.5,4,Medium,0.000128,samsung galaxy a07,4GB,128GB,Not Specified,non,Black,"6.7"" RAM ROM Android 15"
"Samsung Galaxy A07 6.7"" 4GB RAM/ 128GB ROM Android 15 + FREE CHARGER",175230,https://ng.jumia.is/unsafe/fit-in/300x300/filters:fill(white)/product/74/5936814/1.jpg?3228,https://www.jumia.com.ng/samsung-galaxy-a07-6.7-4gb-ram-128gb-rom-android-15-free-charger-418639547.html,3.0,4.3,141,Medium,0.003485,samsung galaxy a07,4GB,128GB,Not Specified,non,Unknown,"6.7"" RAM ROM Android 15 FREE CHARGER"
"Samsung Galaxy A07 6.7"" 4GB RAM/ 128GB ROM Android 15, Light Violet",175230,https://ng.jumia.is/unsafe/fit-in/300x300/filters:fill(white)/product/26/5936814/1.jpg?3216,https://www.jumia.com.ng/samsung-galaxy-a07-6.7-4gb-ram-128gb-rom-android-15-light-violet-418639562.html,3.0,4.0,42,Medium,0.000982,samsung galaxy a07,4GB,128GB,Not Specified,non,Unknown,"6.7"" RAM ROM Android 15 Light Violet"
"Tecno  Spark 40,  6.67"",  4GB RAM/128GB ROM, 5200mAH  Battery, 45W Super Charging- Grey",175999,https://ng.jumia.is/unsafe/fit-in/300x300/filters:fill(white)/product/82/2529814/1.jpg?8178,https://www.jumia.com.ng/tecno-spark-40-6.67-4gb-ram128gb-rom-5200mah-battery-45w-super-charging-grey-418925228.html,2.0,3.3,3,Medium,7.5e-05,tecno spark 40,4GB,128GB,Not Specified,5200mAh,Grey,"6.67"" RAM ROM Battery 45W Super Charging"
"Tecno  Spark 40,  6.67"",  4GB RAM/128GB ROM, 5200mAH  Battery, 45W Super Charging- Black",175999,https://ng.jumia.is/unsafe/fit-in/300x300/filters:fill(white)/product/74/4880814/1.jpg?7325,https://www.jumia.com.ng/tecno-spark-40-6.67-4gb-ram128gb-rom-5200mah-battery-45w-super-charging-black-418088447.html,5.0,4.3,3,Medium,9.8e-05,tecno spark 40,4GB,128GB,Not Specified,5200mAh,Black,"6.67"" RAM ROM Battery 45W Super Charging"
"Infinix Hot 60i 6.78"" 4GB RAM/128GB ROM Android 15",178000,https://ng.jumia.is/unsafe/fit-in/300x300/filters:fill(white)/product/81/6661914/1.jpg?5744,https://www.jumia.com.ng/infinix-hot-60i-6.78-4gb-ram128gb-rom-android-15-419166618.html,0.0,5.0,1,Medium,5.6e-05,infinix hot 60i,4GB,128GB,Not Specified,non,Unknown,"6.78"" RAM ROM Android 15"
XIAOMI Redmi 15C 6.9'' 8GBRAM/256GB ROM Android 15 -Midnight Black,179823,https://ng.jumia.is/unsafe/fit-in/300x300/filters:fill(white)/product/23/7916814/1.jpg?4764,https://www.jumia.com.ng/redmi-15c-6.9-8gbram256gb-rom-android-15-midnight-black-xiaomi-mpg11537492.html,5.0,4.2,1252,Medium,0.029265,XIAOMI Redmi 15C,8GB,256GB,Not Specified,non,Midnight Black,6.9'' RAM ROM Android 15 Midnight
Unknown Product,179823,https://ng.jumia.is/unsafe/fit-in/300x300/filters:fill(white)/product/23/7916814/1.jpg?4764,https://www.jumia.com.ng/redmi-15c-6.9-8gbram256gb-rom-android-15-midnight-black-xiaomi-mpg11537492.html,0.0,0.0,0,Medium,0.0,unknown product,NOT SPECIFIED,NOT SPECIFIED,Not Specified,non,Unknown,Unknown Product
"Tecno POP 10 Pro (128GB ROM + 8GB RAM 4+4) – 6000mAh Battery, 18W Fast Charging, 120Hz Display, INK BLACK",179999,https://ng.jumia.is/unsafe/fit-in/300x300/filters:fill(white)/product/53/4968814/1.jpg?2182,https://www.jumia.com.ng/tecno-pop-10-pro-128gb-rom-8gb-ram-44-6000mah-battery-18w-fast-charging-120hz-display-ink-black-418869435.html,10.0,5.0,1,Medium,5.6e-05,tecno pop 10 pro,8GB,128GB,Not Specified,6000mAh,Black,Pro (12 ROM RAM 4 4) – Battery 18W Fast Charging 120Hz Display INK
"Tecno SPARK 40 128GB ROM +4GB RAM  Color black  6.6 Inches Screen Display  50MP Al dual camera + 8MP front camera  5000mh,18W fast charging  4G lTE",180000,https://ng.jumia.is/unsafe/fit-in/300x300/filters:fill(white)/product/78/7281814/1.jpg?4437,https://www.jumia.com.ng/tecno-spark-40-128gb-rom-4gb-ram-color-black-6.6-inches-screen-display-50mp-al-dual-camera-8mp-front-camera-5000mh18w-fast-charging-4g-lte-418182787.html,0.0,4.3,3,Medium,9.6e-05,tecno spark 40,4GB,128GB,dual camera,non,Black,ROM RAM Color 6.6 Inches Screen Display 50MP Al 8MP front camera 5000mh 18W fast charging 4G lTE
"Redmi 15C 128GB ROM + 4GB RAM, 6.9"" Display, 6000mAh, 33W Fast Charge",180000,https://ng.jumia.is/unsafe/fit-in/300x300/filters:fill(white)/product/59/7424914/1.jpg?5655,https://www.jumia.com.ng/redmi-15c-128gb-rom-4gb-ram-6.9-display-6000mah-33w-fast-charge-419424795.html,0.0,0.0,0,Medium,0.0,redmi 15c,4GB,128GB,Not Specified,6000mAh,Red,"ROM RAM 6.9"" Display 33W Fast Charge"
Infinix Hot60i 128GB ROM+4GB RAM   6.7 Inches Screen Display   50MP rear camera +8MP  front   5160mah battery capacity   4G network   7.7mm slim frame.,180000,https://ng.jumia.is/unsafe/fit-in/300x300/filters:fill(white)/product/44/1474814/1.jpg?3383,https://www.jumia.com.ng/infinix-hot60i-128gb-rom4gb-ram-6.7-inches-screen-display-50mp-rear-camera-8mp-front-5160mah-battery-capacity-4g-network-7.7mm-slim-frame.-418474144.html,14.0,3.0,2,Medium,5e-05,infinix hot60i,4GB,128GB,Not Specified,5160mAh,Unknown,ROM RAM 6.7 Inches Screen Display 50MP rear camera 8MP front battery capacity 4G network 7.7mm slim frame.
"Redmi  15C - 6.9"" 4GB RAM+ 128GB ROM ANDROID 15 - Dual Sim - 4G LTE - 6000mAh -MINT GREEN",180000,https://ng.jumia.is/unsafe/fit-in/300x300/filters:fill(white)/product/24/8223914/1.jpg?1099,https://www.jumia.com.ng/redmi-15c-6.9-4gb-ram-128gb-rom-android-15-dual-sim-4g-lte-6000mah-mint-green-419322842.html,0.0,0.0,0,Medium,0.0,redmi 15c,4GB,128GB,Not Specified,6000mAh,Green,"6.9"" RAM ROM ANDROID 15 Dual Sim 4G LTE MINT GREEN"
"Samsung Galaxy S8 Single Sim 5.8"" 4G LTE 64/4GB 3000mAh-black",180000,https://ng.jumia.is/unsafe/fit-in/300x300/filters:fill(white)/product/55/5629314/1.jpg?9424,https://www.jumia.com.ng/samsung-galaxy-s8-single-sim-5.8-4g-lte-644gb-3000mah-black-413926555.html,0.0,0.0,0,Medium,0.0,samsung galaxy s8,NOT SPECIFIED,NOT SPECIFIED,Not Specified,3000mAh,Black,"Single Sim 5.8"" 4G LTE 64 4GB"
XIAOMI Redmi 14C 6.88'' 8GB RAM + 256GB ROM Android 12- Black,180500,https://ng.jumia.is/unsafe/fit-in/300x300/filters:fill(white)/product/81/2636373/1.jpg?6189,https://www.jumia.com.ng/xiaomi-redmi-14c-6.88-8gb-ram-256gb-rom-android-12-black-373636218.html,0.0,0.0,0,Medium,0.0,XIAOMI Redmi 14C,8GB,256GB,Not Specified,non,Black,6.88'' RAM ROM Android 12
Unknown Product,180804,https://ng.jumia.is/unsafe/fit-in/300x300/filters:fill(white)/product/62/1669193/1.jpg?5412,https://www.jumia.com.ng/hmd-pulse-pro-6.56-256gb8gb-4g-dual-sim-5000mah-black-391966126.html,0.0,0.0,0,Medium,0.0,unknown product,NOT SPECIFIED,NOT SPECIFIED,Not Specified,non,Unknown,Unknown Product
"Hmd Pulse Pro 6.56"" (256GB/8GB) 4G Dual SIM, 5000mAh - Black",180804,https://ng.jumia.is/unsafe/fit-in/300x300/filters:fill(white)/product/62/1669193/1.jpg?5412,https://www.jumia.com.ng/hmd-pulse-pro-6.56-256gb8gb-4g-dual-sim-5000mah-black-391966126.html,29.0,3.3,11,Medium,0.000219,hmd pulse pro,8GB,256GB,Not Specified,5000mAh,Black,"Hmd .56"" (256GB 8GB) 4G Dual SIM"
"OUKITEL C62 Dual Screen Smartphone 16GB RAM/128GB ROM 5150mAh Long Battery Android 15 6.88"" 90Hz + 1.81"" Screen, Dual SIM, 13MP Cam Phone - Budget King for Africa",180810,https://ng.jumia.is/unsafe/fit-in/300x300/filters:fill(white)/product/82/5875814/1.jpg?4069,https://www.jumia.com.ng/oukitel-c62-dual-screen-smartphone-16gb-ram128gb-rom-5150mah-long-battery-android-15-6.88-90hz-1.81-screen-dual-sim-13mp-cam-phone-budget-king-for-africa-418578528.html,16.0,3.3,18,Medium,0.000347,oukitel c62,16GB,128GB,Not Specified,5150mAh,Unknown,"Dual Screen Smartphone RAM ROM Long Battery Android 15 6.88"" 90Hz 1.81"" Screen Dual SIM 13MP Cam Phone Budget King for Africa"
"Poco C85-6.9"",256GB/8GB,50MP/8MP,4G,Dual SIM,Fingerprint,6000mAh-Black",184999,https://ng.jumia.is/unsafe/fit-in/300x300/filters:fill(white)/product/80/7557814/1.jpg?9219,https://www.jumia.com.ng/poco-c85-6.9256gb8gb50mp8mp4gdual-simfingerprint6000mah-black-418755708.html,1.0,0.0,0,Medium,0.0,poco c85,8GB,256GB,Not Specified,6000mAh,Black,"6.9"" 256GB 8GB 50MP 8MP 4G Dual SIM Fingerprint"
XIAOMI Redmi 14C 6.88'' 8GB RAM/256GB ROM,185000,https://ng.jumia.is/unsafe/fit-in/300x300/filters:fill(white)/product/78/5673914/1.jpg?1328,https://www.jumia.com.ng/xiaomi-redmi-14c-6.88-8gb-ram256gb-rom-419376587.html,0.0,0.0,0,Medium,0.0,XIAOMI Redmi 14C,8GB,256GB,Not Specified,non,Red,6.88'' RAM ROM
Infinix Hot60i 128GB ROM +4GB RAM  5160 battery capacity 4G network 6.7 inches screen display  50MP +8mp camera  Side fingerprint  4G network.,185000,https://ng.jumia.is/unsafe/fit-in/300x300/filters:fill(white)/product/01/2474814/1.jpg?4583,https://www.jumia.com.ng/infinix-hot60i-128gb-rom-4gb-ram-5160-battery-capacity-4g-network-6.7-inches-screen-display-50mp-8mp-camera-side-fingerprint-4g-network.-418474210.html,12.0,4.0,1,Medium,4.3e-05,infinix hot60i,4GB,128GB,Not Specified,non,Unknown,ROM RAM 5160 battery capacity 4G network 6.7 inches screen display 50MP 8mp camera Side fingerprint 4G network.
"Samsung Galaxy S8 4GB RAM,64GB ROM 4G LTE Smartphone - BLACK",185000,https://ng.jumia.is/unsafe/fit-in/300x300/filters:fill(white)/product/01/9054604/1.jpg?5882,https://www.jumia.com.ng/samsung-galaxy-s8-4gb-ram64gb-rom-4g-lte-smartphone-black-406450910.html,0.0,0.0,0,Medium,0.0,samsung galaxy s8,4GB,64GB,Not Specified,non,Black,RAM 6 ROM 4G LTE Smartphone
"Realme C71-6.67"",6/128GB,50MP/5MP,Android,6000mAh-Forest Owl",185099,https://ng.jumia.is/unsafe/fit-in/300x300/filters:fill(white)/product/39/8756814/1.jpg?0813,https://www.jumia.com.ng/realme-c71-6.676128gb50mp5mpandroid6000mah-forest-owl-418657893.html,1.0,4.8,6,Medium,0.000182,realme c71,NOT SPECIFIED,NOT SPECIFIED,Not Specified,6000mAh,Unknown,"6.67"" 6 128GB 50MP 5MP Android Forest Owl"
"Realme C71-6.67"",6/128GB,50MP/5MP,Android,6000mAh-White Swan",185099,https://ng.jumia.is/unsafe/fit-in/300x300/filters:fill(white)/product/50/9756814/1.jpg?1147,https://www.jumia.com.ng/realme-c71-6.676128gb50mp5mpandroid6000mah-white-swan-418657905.html,1.0,3.8,5,Medium,0.000123,realme c71,NOT SPECIFIED,NOT SPECIFIED,Not Specified,6000mAh,White,"6.67"" 6 128GB 50MP 5MP Android Swan"
"Infinix Hot 60i 6.78"" 4GB RAM/128GB ROM Android 15- Black",188600,https://ng.jumia.is/unsafe/fit-in/300x300/filters:fill(white)/product/09/2475814/1.jpg?3503,https://www.jumia.com.ng/infinix-hot-60i-6.78-4gb-ram128gb-rom-android-15-black-418574290.html,36.0,0.0,0,Medium,0.0,infinix hot 60i,4GB,128GB,Not Specified,non,Black,"6.78"" RAM ROM Android 15"
"Poco M7 , 6.9"" 6GB RAM / 128GB ROM - Black +free gift",189762,https://ng.jumia.is/unsafe/fit-in/300x300/filters:fill(white)/product/53/7838814/1.jpg?8711,https://www.jumia.com.ng/poco-m7-6.9-6gb-ram-128gb-rom-black-free-gift-418838735.html,7.0,4.1,28,Medium,0.000627,poco m7,6GB,128GB,Not Specified,non,Black,"6.9"" RAM ROM free gift"
SPARK tecnoSpark 40 Smart Phone With 128GB ROM & 4GB RAM TITANIUM GREY,189999,https://ng.jumia.is/unsafe/fit-in/300x300/filters:fill(white)/product/66/5646814/1.jpg?0870,https://www.jumia.com.ng/tecnospark-40-smart-phone-with-128gb-rom-4gb-ram-spark-mpg11470209.html,24.0,0.0,0,Medium,0.0,spark tecnospark 40 smart phone with,4GB,128GB,Not Specified,non,Titanium,Smart Phone With ROM & RAM TITANIUM
"Infinix Hot 60i 6.78"" 4GB RAM/128GB ROM Android 15 SILVER",189999,https://ng.jumia.is/unsafe/fit-in/300x300/filters:fill(white)/product/76/8416814/1.jpg?7917,https://www.jumia.com.ng/infinix-hot-60i-6.78-4gb-ram128gb-rom-android-15-silver-418614867.html,37.0,4.5,2,Medium,7.1e-05,infinix hot 60i,4GB,128GB,Not Specified,non,Silver,"6.78"" RAM ROM Android 15"
"Infinix Hot 60i 6.78"" 4GB (up to 8GB) RAM 128GB ROM 5160MAH Battery Android 15",190000,https://ng.jumia.is/unsafe/fit-in/300x300/filters:fill(white)/product/02/5085814/1.jpg?3547,https://www.jumia.com.ng/hot-60i-6.78-4gb-up-to-8gb-ram-128gb-rom-5160mah-battery-android-15-infinix-mpg11492565.html,3.0,4.0,6,Medium,0.000147,infinix hot 60i,4GB,128GB,Not Specified,5160mAh,Unknown,"6.78"" 4GB (up to 8GB) RAM ROM Battery Android 15"
"Doogee Local Stock Note58 6.75"" iPhone-Style 5G gaming phone, 8-Core Processor, Real 8GB+128GB (2TB Expandable), 16MP+8MP Google AI Lens, 6250mAh Large Battery, FaceUnlock/NFC, Android 16, Black",191912,https://ng.jumia.is/unsafe/fit-in/300x300/filters:fill(white)/product/32/2541914/1.jpg?7829,https://www.jumia.com.ng/doogee-local-stock-note58-6.75-iphone-style-5g-gaming-phone-8-core-processor-real-8gb128gb-2tb-expandable-16mp8mp-google-ai-lens-6250mah-large-battery-faceunlocknfc-android-16-black-419145223.html,74.0,4.4,5,Medium,0.000138,doogee local stock note58,8GB,128GB,16MP+8MP,6250mAh,Black,"Doogee Local 6.75"" iPhone Style 5G gaming phone 8 Core Processor Real 12 (2TB Expandable) Google AI Lens Large Battery FaceUnlock NFC Android 16"
"Doogee Note 58, Android 16 Unlocked Smartphone 32GB (8GB+24GB)+128GB / 2TB Expandable Storage, 6.6"" HD+ 90Hz Display, 6250mAh Battery, 4G Dual SIM Unlocked Phone, Widevine L1 / NFC / OTG / Face Unlock, Black",192657,https://ng.jumia.is/unsafe/fit-in/300x300/filters:fill(white)/product/52/5938814/1.jpg?3227,https://www.jumia.com.ng/doogee-note-58-android-16-unlocked-smartphone-32gb-8gb24gb128gb-2tb-expandable-storage-6.6-hd-90hz-display-6250mah-battery-4g-dual-sim-unlocked-phone-widevine-l1-nfc-otg-face-unlock-black-418839525.html,55.0,4.5,2,Medium,7e-05,doogee note,8GB,24GB,Not Specified,6250mAh,Black,"Android 16 Unlocked Smartphone 32GB ( ) 12 2TB Expandable Storage 6.6"" HD 90Hz Display Battery 4G Dual SIM Unlocked Phone Widevine L1 NFC OTG Face Unlock"
"AGM H6 Leather Ultra-Thin Rugged Smartphone 6.6"" 16GB RAM/256GB Android 13 NFC - Orange",193750,https://ng.jumia.is/unsafe/fit-in/300x300/filters:fill(white)/product/97/2879872/1.jpg?7107,https://www.jumia.com.ng/agm-h6-leather-ultra-thin-rugged-smartphone-6.6-16gb-ram256gb-android-13-nfc-orange-278978279.html,38.0,4.2,22,Medium,0.000499,agm h6 leather,16GB,256GB,Not Specified,non,Orange,"Leather Ultra Thin Rugged Smartphone 6.6"" RAM 256GB Android 13 NFC"
"Doogee Note 58, Android 16 Unlocked Smartphone 32GB(8GB+24GB)+128GB / 2TB Expandable Storage, 6.6"" HD+ 90Hz Display, 6250mAh Battery, 4G Dual SIM Unlocked Phone, Widevine L1 / NFC / OTG / Face Unlock Silver",194147,https://ng.jumia.is/unsafe/fit-in/300x300/filters:fill(white)/product/23/6938814/1.jpg?9147,https://www.jumia.com.ng/doogee-note-58-android-16-unlocked-smartphone-32gb8gb24gb128gb-2tb-expandable-storage-6.6-hd-90hz-display-6250mah-battery-4g-dual-sim-unlocked-phone-widevine-l1-nfc-otg-face-unlock-silver-418839632.html,55.0,3.0,1,Medium,3.1e-05,doogee note,8GB,24GB,Not Specified,6250mAh,Silver,"Android 16 Unlocked Smartphone 32GB( ) 12 2TB Expandable Storage 6.6"" HD 90Hz Display Battery 4G Dual SIM Unlocked Phone Widevine L1 NFC OTG Face Unlock"
"Infinix HOT 50i - 6.7"" (128GB/4+4GB) 4G Dual SIM - 48MP - Fingerprint - 5000mAh",195730,https://ng.jumia.is/unsafe/fit-in/300x300/filters:fill(white)/product/39/4402214/1.jpg?5892,https://www.jumia.com.ng/infinix-hot-50i-6.7-128gb44gb-4g-dual-sim-48mp-fingerprint-5000mah-412204493.html,0.0,5.0,1,Medium,5.1e-05,infinix hot 50i,4GB + 4GB,NOT SPECIFIED,Not Specified,5000mAh,Unknown,"6.7"" (128GB 4 4GB) 4G Dual SIM 48MP Fingerprint"
"OUKITEL C69 Smartphone 7.2""HD+ 120Hz, 6000mAh, 64MP Camera, 128GB/16GB RAM, 18W Fast Charging, Android 15 Mobile Phone,Dual 4G SIM/NFC/Fingerprint/Face ID/GPS/BT5.0 - Blue",196080,https://ng.jumia.is/unsafe/fit-in/300x300/filters:fill(white)/product/93/8101914/1.jpg?8559,https://www.jumia.com.ng/oukitel-c69-smartphone-7.2hd-120hz-6000mah-64mp-camera-128gb16gb-ram-18w-fast-charging-android-15-mobile-phonedual-4g-simnfcfingerprintface-idgpsbt5.0-blue-419101839.html,24.0,5.0,1,Medium,5.1e-05,oukitel c69,28GB,16GB,Not Specified,6000mAh,Blue,"Smartphone 7.2""HD 120Hz 64MP Camera 1 RAM 18W Fast Charging Android 15 Mobile Phone Dual 4G SIM NFC Fingerprint Face ID GPS BT5.0"
"OUKITEL C69 Smartphone 6000mAh,7.2""HD+120Hz Display, 64MP Camera, 128GB/16GB(4GB+12GB) RAM Mobile Phone, 18W Fast Charging, Android 15 Phones,Dual 4G SIM/NFC/Fingerprint/Face ID/BT5.0 - Gold",196080,https://ng.jumia.is/unsafe/fit-in/300x300/filters:fill(white)/product/79/3101914/1.jpg?0467,https://www.jumia.com.ng/oukitel-c69-smartphone-6000mah7.2hd120hz-display-64mp-camera-128gb16gb4gb12gb-ram-mobile-phone-18w-fast-charging-android-15-phonesdual-4g-simnfcfingerprintface-idbt5.0-gold-419101397.html,24.0,4.8,5,Medium,0.000147,oukitel c69,28GB,16GB,Not Specified,6000mAh,Gold,"Smartphone 7.2""HD 120Hz Display 64MP Camera 1 (4GB 12GB) RAM Mobile Phone 18W Fast Charging Android 15 Phones Dual 4G SIM NFC Fingerprint Face ID BT5.0"
XIAOMI Redmi 15 6.9'' 6GBRAM/128GB ROM Android 15 - Black,196329,https://ng.jumia.is/unsafe/fit-in/300x300/filters:fill(white)/product/06/1987814/1.jpg?1822,https://www.jumia.com.ng/xiaomi-redmi-15-6.9-6gbram128gb-rom-android-15-black-418789160.html,4.0,4.5,99,Medium,0.002292,xiaomi redmi 15 6.9'',6GB,128GB,Not Specified,non,Black,6.9'' RAM ROM Android 15
"XIAOMI Redmi 15C-6.9"",8GB/256GB,Android 15,50MP/8MP,Dual Sim,6000mAh-Mightnight Black",199899,https://ng.jumia.is/unsafe/fit-in/300x300/filters:fill(white)/product/58/9067814/1.jpg?0259,https://www.jumia.com.ng/xiaomi-redmi-15c-6.98gb256gbandroid-1550mp8mpdual-sim6000mah-mightnight-black-418760985.html,1.0,5.0,2,Medium,7.5e-05,xiaomi redmi 15c,8GB,256GB,Not Specified,6000mAh,Black,"6.9"" Android 15 50MP 8MP Dual Sim Mightnight"
"Samsung  Galaxy A07 6.7"" 6GB RAM 128GB ROM Android 15 Dual SIM - Light Violet",200000,https://ng.jumia.is/unsafe/fit-in/300x300/filters:fill(white)/product/06/2397814/1.jpg?5169,https://www.jumia.com.ng/samsung-galaxy-a07-6.7-6gb-ram-128gb-rom-android-15-dual-sim-light-violet-418793260.html,0.0,5.0,1,Medium,5e-05,samsung galaxy a07,6GB,128GB,Not Specified,non,Unknown,"6.7"" RAM ROM Android 15 Dual SIM Light Violet"
"Samsung Galaxy A07 6.7"" 6GB RAM 128GB ROM Android 15 Dual SIM - Light Violet",200000,https://ng.jumia.is/unsafe/fit-in/300x300/filters:fill(white)/product/22/2797814/1.jpg?3546,https://www.jumia.com.ng/samsung-galaxy-a07-6.7-6gb-ram-128gb-rom-android-15-dual-sim-light-violet-418797222.html,0.0,4.0,4,Medium,0.0001,samsung galaxy a07,6GB,128GB,Not Specified,non,Unknown,"6.7"" RAM ROM Android 15 Dual SIM Light Violet"
"Samsung Galaxy A07 6.7"" 6GB RAM 128GB ROM Android 15 Dual SIM - Black",200000,https://ng.jumia.is/unsafe/fit-in/300x300/filters:fill(white)/product/03/7387814/1.jpg?2219,https://www.jumia.com.ng/samsung-galaxy-a07-6.7-6gb-ram-128gb-rom-android-15-dual-sim-black-418783730.html,0.0,4.3,9,Medium,0.000215,samsung galaxy a07,6GB,128GB,Not Specified,non,Black,"6.7"" RAM ROM Android 15 Dual SIM"
"Samsung Galaxy S10e - 5.8"" 128GB/6GB, Single Sim - Black",205000,https://ng.jumia.is/unsafe/fit-in/300x300/filters:fill(white)/product/79/5644963/1.jpg?2546,https://www.jumia.com.ng/samsung-galaxy-s10e-5.8-128gb6gb-single-sim-black-369446597.html,11.0,4.2,19,Medium,0.00041,samsung galaxy s10e,6GB,128GB,Not Specified,non,Black,"e 5.8"" 128GB 6GB Single Sim"
"Samsung Galaxy S10e - 5.8"" 128GB/6GB, Single Sim - Blue",205000,https://ng.jumia.is/unsafe/fit-in/300x300/filters:fill(white)/product/80/7644963/1.jpg?2608,https://www.jumia.com.ng/samsung-galaxy-s10e-5.8-128gb6gb-single-sim-blue-369446708.html,11.0,4.4,7,Medium,0.000172,samsung galaxy s10e,6GB,128GB,Not Specified,non,Blue,"e 5.8"" 128GB 6GB Single Sim"
"OUKITEL G1S Rugged Smartphone 6.52”HD,10600mAh,128GB ROM/8GB(4+4) RAM,Android 15 Phones, Waterproof Rugged Phones Outdoor IP68/IP69K dustproof phone Fingerprint/Dual Sim/NFC/GPS/OTG/Face ID - Black",205200,https://ng.jumia.is/unsafe/fit-in/300x300/filters:fill(white)/product/54/8101914/1.jpg?1608,https://www.jumia.com.ng/oukitel-g1s-rugged-smartphone-6.52hd10600mah128gb-rom8gb44-ramandroid-15-phones-waterproof-rugged-phones-outdoor-ip68ip69k-dustproof-phone-fingerprintdual-simnfcgpsotgface-id-black-419101845.html,33.0,4.0,5,Medium,0.000117,OUKITEL G1S,8GB,128GB,Not Specified,10600mAh,Black,Rugged Smartphone 6.52”HD ROM 8GB(4 4) RAM Android 15 Phones Waterproof Rugged Phones Outdoor IP68 IP69K dustproof phone Fingerprint Dual Sim NFC GPS OTG Face ID
Unknown Product,209882,https://ng.jumia.is/unsafe/fit-in/300x300/filters:fill(white)/product/65/7184914/1.jpg?5286,https://www.jumia.com.ng/samsung-galaxy-a17-6.7-hd-4gb-ram128gb-rom-android-14-grey-419481756.html,0.0,0.0,0,Medium,0.0,unknown product,NOT SPECIFIED,NOT SPECIFIED,Not Specified,non,Unknown,Unknown Product
"Samsung Galaxy A17 6.7"" HD 4GB RAM/128GB ROM Android 14  - Grey",209882,https://ng.jumia.is/unsafe/fit-in/300x300/filters:fill(white)/product/65/7184914/1.jpg?5286,https://www.jumia.com.ng/samsung-galaxy-a17-6.7-hd-4gb-ram128gb-rom-android-14-grey-419481756.html,12.0,0.0,0,Medium,0.0,samsung galaxy a17,4GB,128GB,Not Specified,non,Grey,"6.7"" HD RAM ROM Android 14"
Samsung GALAXY A16 - 4GB /128GB- Dual Sim- 5000mah- Gray,209990,https://ng.jumia.is/unsafe/fit-in/300x300/filters:fill(white)/product/28/1728814/1.jpg?5659,https://www.jumia.com.ng/samsung-galaxy-a16-4gb-128gb-dual-sim-5000mah-gray-418827182.html,22.0,0.0,0,Medium,0.0,samsung galaxy a16,4GB,128GB,Not Specified,5000mAh,Gray,Dual Sim
Samsung GALAXY A16 - 4GB /128GB- Dual Sim- 5000mah- Black,209990,https://ng.jumia.is/unsafe/fit-in/300x300/filters:fill(white)/product/61/1124104/1.jpg?6068,https://www.jumia.com.ng/samsung-galaxy-a16-4gb-128gb-dual-sim-5000mah-black-401421116.html,19.0,3.5,8,Medium,0.00015,samsung galaxy a16,4GB,128GB,Not Specified,5000mAh,Black,Dual Sim
Samsung GALAXY A16 - 4GB /128GB- Dual Sim- 5000mah- Light Green,209990,https://ng.jumia.is/unsafe/fit-in/300x300/filters:fill(white)/product/77/6876104/1.jpg?8217,https://www.jumia.com.ng/samsung-galaxy-a16-4gb-128gb-dual-sim-5000mah-light-green-401678677.html,19.0,3.6,8,Medium,0.000154,samsung galaxy a16,4GB,128GB,Not Specified,5000mAh,Green,Dual Sim Light
"Samsung  Galaxy S10e - 5.8"" 128GB/6GB, Single Sim - white",210000,https://ng.jumia.is/unsafe/fit-in/300x300/filters:fill(white)/product/12/2206814/1.jpg?2106,https://www.jumia.com.ng/samsung-galaxy-s10e-5.8-128gb6gb-single-sim-white-418602221.html,22.0,5.0,1,Medium,4.8e-05,samsung galaxy s10e,6GB,128GB,Not Specified,non,White,"e 5.8"" 128GB 6GB Single Sim"
"Samsung Galaxy A17 6.7"" HD 4GB RAM/128GB ROM Android 14  - Black",212629,https://ng.jumia.is/unsafe/fit-in/300x300/filters:fill(white)/product/75/2498814/1.jpg?8559,https://www.jumia.com.ng/samsung-galaxy-a17-6.7-hd-4gb-ram128gb-rom-android-14-black-418894257.html,11.0,4.4,42,Medium,0.00089,samsung galaxy a17,4GB,128GB,Not Specified,non,Black,"6.7"" HD RAM ROM Android 14"
"Samsung Galaxy A16 6.7"" HD 4GB RAM/128GB ROM 5000mAh",213000,https://ng.jumia.is/unsafe/fit-in/300x300/filters:fill(white)/product/48/9243914/1.jpg?9124,https://www.jumia.com.ng/samsung-galaxy-a16-6.7-hd-4gb-ram128gb-rom-5000mah-419342984.html,9.0,0.0,0,Medium,0.0,samsung galaxy a16,4GB,128GB,Not Specified,5000mAh,Unknown,"6.7"" HD RAM ROM"
"OUKITEL WP53S Rugged Smartphones 6.52"" HD, 11000mAh Battery,16GB 128GB 1TB Expansion, IP68/IP69K Waterproof Phone, Android 15 Phones, 128dB Loudly Speaker,900LM Camping Light,18W Fast Charging Outdoor Rugged Phones, 4G Dual SIM,Fingerprint,NFC,GPS,Black",214620,https://ng.jumia.is/unsafe/fit-in/300x300/filters:fill(white)/product/06/5232914/1.jpg?3422,https://www.jumia.com.ng/oukitel-wp53s-rugged-smartphones-6.52-hd-11000mah-battery16gb-128gb-1tb-expansion-ip68ip69k-waterproof-phone-android-15-phones-128db-loudly-speaker900lm-camping-light18w-fast-charging-outdoor-rugged-phones-4g-dual-simfingerprintnfcgpsblack-419232560.html,35.0,0.0,0,Medium,0.0,oukitel wp53s,16GB,128GB,Not Specified,11000mAh,Black,"Rugged Smartphones 6.52"" HD Battery 1TB Expansion IP68 IP69K Waterproof Phone Android 15 Phones 128dB Loudly Speaker 900LM Camping Light 18W Fast Charging Outdoor Rugged Phones 4G Dual SIM Fingerprint NFC GPS"
"XIAOMI Redmi 15C-6.9"",16GB(8GB+8/256GB),Android 15,50MP/8MP,Dual Sim,6000mAh-Mightnight Black",216500,https://ng.jumia.is/unsafe/fit-in/300x300/filters:fill(white)/product/86/2379814/1.jpg?8271,https://www.jumia.com.ng/xiaomi-redmi-15c-6.916gb8gb8256gbandroid-1550mp8mpdual-sim6000mah-mightnight-black-418973268.html,6.0,0.0,0,Medium,0.0,xiaomi redmi 15c,8GB,256GB,Not Specified,6000mAh,Black,"6.9"" 16GB(8GB 8 256GB) Android 15 50MP 8MP Dual Sim Mightnight"
"Poco M7 , 6.9"" 8GB RAM / 256GB ROM - Black",217916,https://ng.jumia.is/unsafe/fit-in/300x300/filters:fill(white)/product/73/7838814/1.jpg?7609,https://www.jumia.com.ng/poco-m7-6.9-8gb-ram-256gb-rom-black-418838737.html,6.0,4.5,29,Medium,0.00062,poco m7,8GB,256GB,Not Specified,non,Black,"6.9"" RAM ROM"
"OUKITEL WP23Plus Rugged Smartphone 10600mAh, 16GB/128GB ROM/TF 1TB Android 15 Phones, 6.52''Display,13MP Camera,IP68/IP69K Dustproof Phone,Waterproof Rugged Phone,4G Dual SIM Cell Phone,Fingerprint/NFC/GPS/OTG/Face ID - Orange",218880,https://ng.jumia.is/unsafe/fit-in/300x300/filters:fill(white)/product/58/8102914/1.jpg?0068,https://www.jumia.com.ng/oukitel-wp23plus-rugged-smartphone-10600mah-16gb128gb-romtf-1tb-android-15-phones-6.52display13mp-cameraip68ip69k-dustproof-phonewaterproof-rugged-phone4g-dual-sim-cell-phonefingerprintnfcgpsotgface-id-orange-419201885.html,35.0,5.0,1,Medium,4.6e-05,OUKITEL WP23 Plus,16GB,128GB,Not Specified,10600mAh,Orange,Rugged Smartphone ROM TF 1TB Android 15 Phones 6.52''Display 13MP Camera IP68 IP69K Dustproof Phone Waterproof Rugged Phone 4G Dual SIM Cell Phone Fingerprint NFC GPS OTG Face ID
"itel RS4 6.56"", 256GB ROM + Up To 16GB RAM, 5000mAh + 45W , 50MP",219950,https://ng.jumia.is/unsafe/fit-in/300x300/filters:fill(white)/product/49/9150133/1.jpg?3586,https://www.jumia.com.ng/rs4-6.56-256gb-rom-up-to-16gb-ram-5000mah-45w-50mp-itel-mpg4609273.html,27.0,5.0,6,Medium,0.000159,itel rs4,16GB,256GB,Not Specified,5000mAh,Unknown,"6.56"" ROM Up To RAM 45W 50MP"
Unknown Product,219950,https://ng.jumia.is/unsafe/fit-in/300x300/filters:fill(white)/product/49/9150133/1.jpg?3586,https://www.jumia.com.ng/rs4-6.56-256gb-rom-up-to-16gb-ram-5000mah-45w-50mp-itel-mpg4609273.html,0.0,0.0,0,Medium,0.0,unknown product,NOT SPECIFIED,NOT SPECIFIED,Not Specified,non,Unknown,Unknown Product
"Samsung Galaxy S9 Plus (S9+) Dual SIM 6.2"" 6GB+64GB, 12MP+8MP 4G Plus Midnight Black",220000,https://ng.jumia.is/unsafe/fit-in/300x300/filters:fill(white)/product/82/5473014/1.jpg?9634,https://www.jumia.com.ng/samsung-galaxy-s9-plus-s9-dual-sim-6.2-6gb64gb-12mp8mp-4g-plus-midnight-black-410374528.html,0.0,0.0,0,Medium,0.0,samsung galaxy s9 plus,6GB,64GB,12MP+8MP,non,Midnight Black,"(S9 ) Dual SIM 6.2"" 4G Plus Midnight"
Samsung Galaxy s10e 128+8gb Ram,220000,https://ng.jumia.is/unsafe/fit-in/300x300/filters:fill(white)/product/44/7430914/1.jpg?5849,https://www.jumia.com.ng/samsung-galaxy-s10e-1288gb-ram-419034744.html,15.0,0.0,0,Medium,0.0,samsung galaxy s10e,8GB + 128GB,NOT SPECIFIED,Not Specified,non,Unknown,e 128 Ram
"XIAOMI Redmi 15C-6.9"", 16GB (8+8GB/256GB),Android 15,50MP/8MP,Dual Sim,6000mAh-Mightnight Black",220000,https://ng.jumia.is/unsafe/fit-in/300x300/filters:fill(white)/product/69/2379814/1.jpg?9662,https://www.jumia.com.ng/xiaomi-redmi-15c-6.9-16gb-88gb256gbandroid-1550mp8mpdual-sim6000mah-mightnight-black-418973296.html,12.0,3.3,3,Medium,6e-05,xiaomi redmi 15c,8GB,256GB,Not Specified,6000mAh,Black,"6.9"" 16GB (8 ) Android 15 50MP 8MP Dual Sim Mightnight"
Unknown Product,220500,https://ng.jumia.is/unsafe/fit-in/300x300/filters:fill(white)/product/85/6366314/1.jpg?7435,https://www.jumia.com.ng/oukitel-g1-rugged-smartphone-android-24gb-618256gb-10600mah-6.52-hd-display-nfc-rugged-phone-black-413663658.html,0.0,0.0,0,Medium,0.0,unknown product,NOT SPECIFIED,NOT SPECIFIED,Not Specified,non,Unknown,Unknown Product
OUKITEL G1 Rugged Smartphone Android 24GB (6+18)+256GB 10600mAh 6.52' HD Display NFC Rugged Phone- Black,220500,https://ng.jumia.is/unsafe/fit-in/300x300/filters:fill(white)/product/85/6366314/1.jpg?7435,https://www.jumia.com.ng/oukitel-g1-rugged-smartphone-android-24gb-618256gb-10600mah-6.52-hd-display-nfc-rugged-phone-black-413663658.html,18.0,3.4,14,Medium,0.000231,oukitel g1,24GB,256GB,Not Specified,10600mAh,Black,Rugged Smartphone Android 24GB (6 18) 256GB 6.52' HD Display NFC Rugged Phone
XIAOMI Redmi 15 6.9'' 8GBRAM/256GB ROM Android 15 - Black,222001,https://ng.jumia.is/unsafe/fit-in/300x300/filters:fill(white)/product/64/1987814/1.jpg?7826,https://www.jumia.com.ng/redmi-15-6.9-8gbram256gb-rom-android-15-black-xiaomi-mpg11883477.html,5.0,4.4,176,Medium,0.003508,xiaomi redmi 15 6.9'',8GB,256GB,Not Specified,non,Black,6.9'' RAM ROM Android 15
"Oppo A6x - 6.75"",4GB/256GB,4G,DUAL,Android 15,6100mAh-ICE BLUE",222499,https://ng.jumia.is/unsafe/fit-in/300x300/filters:fill(white)/product/30/4781914/1.jpg?5569,https://www.jumia.com.ng/oppo-a6x-6.754gb256gb4gdualandroid-156100mah-ice-blue-419187403.html,1.0,0.0,0,Medium,0.0,oppo a6x,4GB,256GB,Not Specified,6100mAh,Blue,"6.75"" 4G DUAL Android 15 ICE"
"ZTE Nubia Focus Pro 5G - (256GB/8+12GB) 6.72"" 5000mAh - Light Brown",223000,https://ng.jumia.is/unsafe/fit-in/300x300/filters:fill(white)/product/26/5111914/1.jpg?5552,https://www.jumia.com.ng/zte-nubia-focus-pro-5g-256gb812gb-6.72-5000mah-light-brown-419111562.html,18.0,0.0,0,Medium,0.0,zte nubia focus pro,12GB + 8GB,NOT SPECIFIED,Not Specified,5000mAh,Unknown,"ZTE Nubia (256GB 8 12GB) 6.72"" Light Brown"
Unknown Product,227907,https://ng.jumia.is/unsafe/fit-in/300x300/filters:fill(white)/product/69/3592914/1.jpg?8433,https://www.jumia.com.ng/xiaomi-pad-2-wifi-only-4gb128gb-9000mah-graphite-gray-419295396.html,0.0,0.0,0,Medium,0.0,unknown product,NOT SPECIFIED,NOT SPECIFIED,Not Specified,non,Unknown,Unknown Product
"Samsung Galaxy A16 6.7"" HD 4GB RAM/128GB ROM Android 14 - Black",230000,https://ng.jumia.is/unsafe/fit-in/300x300/filters:fill(white)/product/03/5757893/1.jpg?8606,https://www.jumia.com.ng/samsung-galaxy-a16-6.7-hd-4gb-ram128gb-rom-android-14-black-398757530.html,23.0,0.0,0,Medium,0.0,samsung galaxy a16,4GB,128GB,Not Specified,non,Black,"6.7"" HD RAM ROM Android 14"
"Samsung Galaxy A17 6.7"" HD 6GB RAM/128GB ROM Android 14 - Black",231132,https://ng.jumia.is/unsafe/fit-in/300x300/filters:fill(white)/product/27/2498814/1.jpg?9257,https://www.jumia.com.ng/samsung-galaxy-a17-6.7-hd-6gb-ram128gb-rom-android-14-black-418894272.html,11.0,4.4,21,Medium,0.000419,samsung galaxy a17,6GB,128GB,Not Specified,non,Black,"6.7"" HD RAM ROM Android 14"
Unknown Product,231132,https://ng.jumia.is/unsafe/fit-in/300x300/filters:fill(white)/product/27/2498814/1.jpg?9257,https://www.jumia.com.ng/samsung-galaxy-a17-6.7-hd-6gb-ram128gb-rom-android-14-black-418894272.html,0.0,0.0,0,Medium,0.0,unknown product,NOT SPECIFIED,NOT SPECIFIED,Not Specified,non,Unknown,Unknown Product
"Samsung Galaxy Note 9, 6.4""(inches) 128GB/6GB ROM Single Sim-Black",240000,https://ng.jumia.is/unsafe/fit-in/300x300/filters:fill(white)/product/41/4171814/1.jpg?4702,https://www.jumia.com.ng/samsung-galaxy-note-9-6.4inches-128gb6gb-rom-single-sim-black-418171414.html,0.0,0.0,0,Medium,0.0,samsung galaxy note 9,6GB,128GB,Not Specified,non,Black,"Samsung 6.4""(inches) 128GB 6GB ROM Single Sim"
Samsung GALAXY A16 5G- 4GB /128GB- Dual Sim- 5000mah- Gold (Plus Free Adapter),249990,https://ng.jumia.is/unsafe/fit-in/300x300/filters:fill(white)/product/74/7013404/1.jpg?5373,https://www.jumia.com.ng/samsung-galaxy-a16-5g-4gb-128gb-dual-sim-5000mah-gold-plus-free-adapter-404310747.html,15.0,5.0,2,Medium,6e-05,samsung galaxy a16,4GB,128GB,Not Specified,5000mAh,Gold,5G Dual Sim (Plus Free Adapter)
"Samsung Galaxy Note 9 6.4-Inch (6GB RAM, 128GB ROM) (12MP + 12MP) LTE - Midnight Black",250000,https://ng.jumia.is/unsafe/fit-in/300x300/filters:fill(white)/product/25/365689/1.jpg?3786,https://www.jumia.com.ng/galaxy-note-9-6.4-inch-6gb-ram-128gb-rom-12mp-12mp-lte-midnight-black-samsung-mpg8337420.html,0.0,4.6,11,Medium,0.000221,samsung galaxy note 9,6GB,128GB,Not Specified,non,Midnight Black,Samsung 6.4 Inch ( RAM ROM) (12MP 12MP) LTE Midnight
"OUKITEL WP23 Plus Rugged Smartphone 6.52'' 256GB ROM/24GB RAM 10600mAh,Waterproof Rugged Phone,Android 15 Phones, 18W Fast Charging, 13MP Camera, 4G Dual SIM,IP68/IP69K Dustproof Phone,Fingerprint/NFC/GPS/OTG - Black",252840,https://ng.jumia.is/unsafe/fit-in/300x300/filters:fill(white)/product/40/4101914/1.jpg?4403,https://www.jumia.com.ng/oukitel-wp23-plus-rugged-smartphone-6.52-256gb-rom24gb-ram-10600mahwaterproof-rugged-phoneandroid-15-phones-18w-fast-charging-13mp-camera-4g-dual-simip68ip69k-dustproof-phonefingerprintnfcgpsotg-black-419101404.html,31.0,5.0,1,Medium,4e-05,OUKITEL WP23 Plus,24GB,256GB,Not Specified,10600mAh,Black,Plus Rugged Smartphone 6.52'' ROM RAM Waterproof Rugged Phone Android 15 Phones 18W Fast Charging 13MP Camera 4G Dual SIM IP68 IP69K Dustproof Phone Fingerprint NFC GPS OTG
Samsung Galaxy S20 Plus + - 128GB ROM/12GB RAM - Single Sim -Black,255000,https://ng.jumia.is/unsafe/fit-in/300x300/filters:fill(white)/product/14/4553914/1.jpg?2639,https://www.jumia.com.ng/samsung-galaxy-s20-plus-128gb-rom12gb-ram-single-sim-black-419355441.html,0.0,0.0,0,Medium,0.0,samsung galaxy s20 plus,12GB,128GB,Not Specified,non,Black,ROM RAM Single Sim
"XIAOMI Redmi 15C - 6.9"" 8GB RAM+ 256GB ROM Android 15 - Dual Sim - 4G LTE - 6000mAh - Midnight Black",255000,https://ng.jumia.is/unsafe/fit-in/300x300/filters:fill(white)/product/52/5768814/1.jpg?7357,https://www.jumia.com.ng/xiaomi-redmi-15c-6.9-8gb-ram-256gb-rom-android-15-dual-sim-4g-lte-6000mah-midnight-black-418867525.html,0.0,5.0,1,Medium,3.9e-05,xiaomi redmi 15c,8GB,256GB,Not Specified,6000mAh,Midnight Black,"6.9"" RAM ROM Android 15 Dual Sim 4G LTE Midnight"
Fire HD 8 RAM Kids Edition 32GB ROM 2GB (12th Gen),255000,https://ng.jumia.is/unsafe/fit-in/300x300/filters:fill(white)/product/68/5202642/1.jpg?9432,https://www.jumia.com.ng/fire-hd-8-ram-kids-edition-32gb-rom-2gb-12th-gen-246202586.html,6.0,2.0,1,Medium,1.6e-05,fire hd 8,2GB,32GB,Not Specified,non,Unknown,RAM Kids Edition ROM 2GB (12th Gen)
"itel SUPER 26 Ultra 6.78"" Curved AMOLED, 128GB + 8GB RAM, 50MP, 6000mAh",256990,https://ng.jumia.is/unsafe/fit-in/300x300/filters:fill(white)/product/08/8377814/1.jpg?4834,https://www.jumia.com.ng/itel-super-26-ultra-6.78-curved-amoled-128gb-8gb-ram-50mp-6000mah-418773880.html,14.0,4.4,7,Medium,0.000137,itel super 26 ultra,8GB,128GB,Not Specified,6000mAh,Unknown,"Ultra 6.78"" Curved AMOLED 12 RAM 50MP"
"Samsung Galaxy S20 5G - 6.2"" 128GB/12GB, Single Sim - Black",260000,https://ng.jumia.is/unsafe/fit-in/300x300/filters:fill(white)/product/57/5354963/1.jpg?4473,https://www.jumia.com.ng/samsung-galaxy-s20-5g-6.2-128gb12gb-single-sim-black-369453575.html,13.0,3.6,15,Medium,0.000222,samsung galaxy s20 5g,28GB,12GB,Not Specified,non,Black,"5G 6.2"" 1 Single Sim"
"Samsung Galaxy S20 5G - 6.2"" 128GB/12GB, Single Sim - Blue",260000,https://ng.jumia.is/unsafe/fit-in/300x300/filters:fill(white)/product/42/6354963/1.jpg?4530,https://www.jumia.com.ng/samsung-galaxy-s20-5g-6.2-128gb12gb-single-sim-blue-369453624.html,13.0,4.3,8,Medium,0.000149,samsung galaxy s20 5g,28GB,12GB,Not Specified,non,Blue,"5G 6.2"" 1 Single Sim"
"Samsung Galaxy S10 Single Sim 128gb/8gb  6.1""",260000,https://ng.jumia.is/unsafe/fit-in/300x300/filters:fill(white)/product/87/6453591/1.jpg?9118,https://www.jumia.com.ng/samsung-galaxy-s10-single-sim-128gb8gb-6.1-195354678.html,0.0,4.3,4,Medium,8.3e-05,samsung galaxy s10,8GB,128GB,Not Specified,non,Unknown,"Single Sim 128gb 8gb 6.1"""
"Samsung Galaxy S10 - 6.1"" 128GB/8GB, Single Sim - White",260000,https://ng.jumia.is/unsafe/fit-in/300x300/filters:fill(white)/product/46/5444963/1.jpg?1588,https://www.jumia.com.ng/samsung-galaxy-s10-6.1-128gb8gb-single-sim-white-369444564.html,9.0,4.3,10,Medium,0.000182,samsung galaxy s10,8GB,128GB,Not Specified,non,White,"6.1"" 128GB 8GB Single Sim"
Samsung Galaxy S20 Plus + - (256GB ROM/12GB RAM) - Single Sim -Black,265000,https://ng.jumia.is/unsafe/fit-in/300x300/filters:fill(white)/product/46/8014914/1.jpg?0782,https://www.jumia.com.ng/samsung-galaxy-s20-plus-256gb-rom12gb-ram-single-sim-black-419410864.html,0.0,0.0,0,Medium,0.0,samsung galaxy s20 plus,12GB,256GB,Not Specified,non,Black,( ROM RAM) Single Sim
Samsung Galaxy Note 10  Single Sim 256gb/8gb,270000,https://ng.jumia.is/unsafe/fit-in/300x300/filters:fill(white)/product/76/8241722/1.jpg?3267,https://www.jumia.com.ng/samsung-galaxy-note-10-single-sim-256gb8gb-227142867.html,0.0,4.3,3,Medium,6.4e-05,Samsung Galaxy Note 10,8GB,256GB,Not Specified,non,Unknown,Samsung Single Sim 256gb 8gb
"Samsung Galaxy S10 -6.1"" 128GB/8GB, Dual Sim-black",270000,https://ng.jumia.is/unsafe/fit-in/300x300/filters:fill(white)/product/22/2938814/1.jpg?5397,https://www.jumia.com.ng/samsung-galaxy-s10-6.1-128gb8gb-dual-sim-black-418839222.html,0.0,0.0,0,Medium,0.0,samsung galaxy s10,8GB,128GB,Not Specified,non,Black,"6.1"" 128GB 8GB Dual Sim"
Unknown Product,272072,https://ng.jumia.is/unsafe/fit-in/300x300/filters:fill(white)/product/28/3592914/1.jpg?8058,https://www.jumia.com.ng/xiaomi-pad-2-wifi-only-8gb256gb-9000mah-graphite-gray-419295382.html,0.0,0.0,0,Medium,0.0,unknown product,NOT SPECIFIED,NOT SPECIFIED,Not Specified,non,Unknown,Unknown Product
"itel SUPER 26Ultra 6.78"" 3D-Curved Amoled,144HZ , 6000mah 256GB - Blue + Free itel Smartwatch ISW-011",274000,https://ng.jumia.is/unsafe/fit-in/300x300/filters:fill(white)/product/31/6227814/1.jpg?2013,https://www.jumia.com.ng/itel-super-26ultra-6.78-3d-curved-amoled144hz-6000mah-256gb-blue-free-itel-smartwatch-isw-011-418722613.html,0.0,4.3,44,Medium,0.000706,itel super 26ultra,NOT SPECIFIED,NOT SPECIFIED,Not Specified,6000mAh,Blue,"6.78"" 3D Curved Amoled 144HZ 256GB Free itel Smartwatch ISW 011"
"XIAOMI Redmi Note 15 6.77"" 6GB 128GB Dual SIM 6500mAh AMOLED display- Black",274868,https://ng.jumia.is/unsafe/fit-in/300x300/filters:fill(white)/product/28/3271914/1.jpg?0939,https://www.jumia.com.ng/xiaomi-redmi-note-15-6.77-6gb-128gb-dual-sim-6500mah-amoled-display-black-419172382.html,5.0,3.9,30,Medium,0.00044,xiaomi redmi note 15,6GB,128GB,Not Specified,6500mAh,Black,"XIAOMI 6.77"" Dual SIM AMOLED display"
"Tecno Spark 40 6.67"" 8GB RAM/256GB ROM Android 15 - Black",274999,https://ng.jumia.is/unsafe/fit-in/300x300/filters:fill(white)/product/42/8774814/1.jpg?8751,https://www.jumia.com.ng/tecno-spark-40-6.67-8gb-ram256gb-rom-android-15-black-418477824.html,29.0,4.0,1,Medium,2.9e-05,tecno spark 40,8GB,256GB,Not Specified,non,Black,"6.67"" RAM ROM Android 15"
Samsung Galaxy S20 128GB/8GB Gray,275000,https://ng.jumia.is/unsafe/fit-in/300x300/filters:fill(white)/product/30/1791914/1.jpg?1664,https://www.jumia.com.ng/samsung-galaxy-s20-128gb8gb-gray-419197103.html,0.0,0.0,0,Medium,0.0,samsung galaxy s20,8GB,128GB,Not Specified,non,Gray,128GB 8GB
"Samsung Galaxy Note10 6.3""(256GB/8GB) Single Sim-black",275000,https://ng.jumia.is/unsafe/fit-in/300x300/filters:fill(white)/product/24/6178814/1.jpg?1309,https://www.jumia.com.ng/samsung-galaxy-note10-6.3256gb8gb-single-sim-black-418871642.html,0.0,0.0,0,Medium,0.0,samsung galaxy note10,8GB,256GB,Not Specified,non,Black,"Samsung 6.3""(256GB 8GB) Single Sim"
"Samsung Galaxy Note 10 - 6.3"" 256GB/8GB, Single Sim - Black",275300,https://ng.jumia.is/unsafe/fit-in/300x300/filters:fill(white)/product/00/2354963/1.jpg?2965,https://www.jumia.com.ng/samsung-galaxy-note-10-6.3-256gb8gb-single-sim-black-369453200.html,15.0,5.0,3,Medium,7.3e-05,samsung galaxy note 10,8GB,256GB,Not Specified,non,Black,"Samsung 6.3"" 256GB 8GB Single Sim"
"Samsung Galaxy Note 10 - 6.3"" 256GB/8GB, Single Sim - Aura White",275300,https://ng.jumia.is/unsafe/fit-in/300x300/filters:fill(white)/product/55/2354963/1.jpg?3145,https://www.jumia.com.ng/samsung-galaxy-note-10-6.3-256gb8gb-single-sim-aura-white-369453255.html,17.0,5.0,1,Medium,3.6e-05,samsung galaxy note 10,8GB,256GB,Not Specified,non,White,"Samsung 6.3"" 256GB 8GB Single Sim Aura"
Samsung Galaxy Note20 SINGLE SIM (256GB / 8GB RAM) 5G - Mystic Bronze,279000,https://ng.jumia.is/unsafe/fit-in/300x300/filters:fill(white)/product/83/5135104/1.jpg?0629,https://www.jumia.com.ng/samsung-galaxy-note20-single-sim-256gb-8gb-ram-5g-mystic-bronze-401531538.html,0.0,4.1,29,Medium,0.000441,samsung galaxy note20,8GB,256GB,Not Specified,non,Unknown,Samsung SINGLE SIM (256GB RAM) 5G Mystic Bronze
"Vivo Y31D-6.75"",6/128GB,50MP/8MP,4G LTE,Android 16,7200mAh-Grey",280899,https://ng.jumia.is/unsafe/fit-in/300x300/filters:fill(white)/product/23/8513914/1.jpg?9935,https://www.jumia.com.ng/vivo-y31d-6.756128gb50mp8mp4g-lteandroid-167200mah-grey-419315832.html,1.0,0.0,0,Medium,0.0,vivo y3id,NOT SPECIFIED,NOT SPECIFIED,Not Specified,7200mAh,Grey,"6.75"" 6 128GB 50MP 8MP 4G LTE Android 16"
"Samsung Galaxy A17 5G 6.7"" 6GB RAM 128GB ROM Android 15 Dual SIM",281980,https://ng.jumia.is/unsafe/fit-in/300x300/filters:fill(white)/product/41/7343914/1.jpg?4417,https://www.jumia.com.ng/samsung-galaxy-a17-5g-6.7-6gb-ram-128gb-rom-android-15-dual-sim-419343714.html,0.0,4.0,1,Medium,2.8e-05,samsung galaxy a17,6GB,128GB,Not Specified,non,Unknown,"5G 6.7"" RAM ROM Android 15 Dual SIM"
"Samsung GALAXY S21  6.2"" SINGLE SIM 5G (12MP+64MP) 128/8GB 4000mAh",284000,https://ng.jumia.is/unsafe/fit-in/300x300/filters:fill(white)/product/52/8885162/1.jpg?8260,https://www.jumia.com.ng/samsung-galaxy-s21-6.2-single-sim-5g-12mp64mp-1288gb-4000mah-261588825.html,0.0,4.5,2,Medium,4.8e-05,samsung galaxy s21,NOT SPECIFIED,NOT SPECIFIED,12MP+64MP,4000mAh,Unknown,"6.2"" SINGLE SIM 5G () 128 8GB"
"Samsung Galaxy S21 5G - 6.2"" 128GB ROM/8GB RAM, Single Sim Purple",284000,https://ng.jumia.is/unsafe/fit-in/300x300/filters:fill(white)/product/45/1811304/1.jpg?9047,https://www.jumia.com.ng/galaxy-s21-5g-6.2-128gb-rom8gb-ram-single-sim-purple-samsung-mpg11933045.html,0.0,4.5,2,Medium,4.8e-05,samsung galaxy s21,8GB,128GB,Not Specified,non,Purple,"5G 6.2"" 12 ROM RAM Single Sim"
"Samsung GALAXY S21 6.2"" 5G (128 ROM/8GB) - GREY - Single Sim 128GB",284500,https://ng.jumia.is/unsafe/fit-in/300x300/filters:fill(white)/product/31/0464014/1.jpg?5444,https://www.jumia.com.ng/samsung-galaxy-s21-6.2-5g-128-rom8gb-grey-single-sim-128gb-410464013.html,0.0,0.0,0,Medium,0.0,samsung galaxy s21,8GB,128GB,Not Specified,non,Grey,"6.2"" 5G (128 ROM 8GB) Single Sim 128GB"
"Samsung Galaxy S21 5G - 6.2"" 128GB/8GB, Single Sim+eSim - Gray",285000,https://ng.jumia.is/unsafe/fit-in/300x300/filters:fill(white)/product/48/4725963/1.jpg?8504,https://www.jumia.com.ng/samsung-galaxy-s21-5g-6.2-128gb8gb-single-simesim-gray-369527484.html,10.0,4.3,12,Medium,0.000196,samsung galaxy s21,8GB,128GB,Not Specified,non,Gray,"5G 6.2"" 128GB 8GB Single Sim eSim"
"Samsung Galaxy S21 5G - 6.2"" 128GB/8GB, Single Sim+eSim - Violet",285000,https://ng.jumia.is/unsafe/fit-in/300x300/filters:fill(white)/product/79/4725963/1.jpg?8685,https://www.jumia.com.ng/samsung-galaxy-s21-5g-6.2-128gb8gb-single-simesim-violet-369527497.html,10.0,4.0,8,Medium,0.000126,samsung galaxy s21,8GB,128GB,Not Specified,non,Unknown,"5G 6.2"" 128GB 8GB Single Sim eSim Violet"
Unknown Product,286640,https://ng.jumia.is/unsafe/fit-in/300x300/filters:fill(white)/product/77/2498814/1.jpg?6153,https://www.jumia.com.ng/samsung-galaxy-a17-6.7-hd-8gb-ram256gb-rom-android-14-black-418894277.html,0.0,0.0,0,Medium,0.0,unknown product,NOT SPECIFIED,NOT SPECIFIED,Not Specified,non,Unknown,Unknown Product
"Samsung Galaxy A17 6.7"" HD 8GB RAM/256GB ROM Android 14  - Black",286640,https://ng.jumia.is/unsafe/fit-in/300x300/filters:fill(white)/product/77/2498814/1.jpg?6153,https://www.jumia.com.ng/samsung-galaxy-a17-6.7-hd-8gb-ram256gb-rom-android-14-black-418894277.html,10.0,4.0,13,Medium,0.000195,samsung galaxy a17,8GB,256GB,Not Specified,non,Black,"6.7"" HD RAM ROM Android 14"
"Samsung Galaxy S20 Plus - 6.7"" 128GB/12GB, 5G, Single Sim - Black",288000,https://ng.jumia.is/unsafe/fit-in/300x300/filters:fill(white)/product/79/0454963/1.jpg?4887,https://www.jumia.com.ng/samsung-galaxy-s20-plus-6.7-128gb12gb-5g-single-sim-black-369454097.html,10.0,1.0,3,Medium,1.4e-05,samsung galaxy s20 plus,28GB,12GB,Not Specified,non,Black,"6.7"" 1 5G Single Sim"
Samsung Galaxy S21 128GB+8GB RAM,290000,https://ng.jumia.is/unsafe/fit-in/300x300/filters:fill(white)/product/29/3430914/1.jpg?5692,https://www.jumia.com.ng/samsung-galaxy-s21-128gb8gb-ram-419034392.html,28.0,0.0,0,Medium,0.0,samsung galaxy s21,8GB,128GB,Not Specified,non,Unknown,12 RAM
Tecno Spark 40 Pro Smart Phone With 128GB ROM & 8GB RAM,290699,https://ng.jumia.is/unsafe/fit-in/300x300/filters:fill(white)/product/05/7515814/1.jpg?5543,https://www.jumia.com.ng/tecno-spark-40-pro-smart-phone-with-128gb-rom-8gb-ram-418515750.html,27.0,3.8,4,Medium,6.5e-05,Tecno Spark 40 Pro,8GB,128GB,Not Specified,non,Unknown,Pro Smart Phone With 12 ROM & RAM
"Samsung Galaxy S21 Plus 5G - 6.7"" 128GB/8GB, Single Sim - Silver",295000,https://ng.jumia.is/unsafe/fit-in/300x300/filters:fill(white)/product/82/5725963/1.jpg?9165,https://www.jumia.com.ng/samsung-galaxy-s21-plus-5g-6.7-128gb8gb-single-sim-silver-369527528.html,20.0,3.0,1,Medium,2e-05,Samsung Galaxy S21 Plus,8GB,128GB,Not Specified,non,Silver,"5G 6.7"" 128GB 8GB Single Sim"
"Samsung Galaxy S21 Plus 5G - 6.7"" 128GB/8GB, 1.SIM + ESim - Pink",295000,https://ng.jumia.is/unsafe/fit-in/300x300/filters:fill(white)/product/73/5725963/1.jpg?1413,https://www.jumia.com.ng/samsung-galaxy-s21-plus-5g-6.7-128gb8gb-1.sim-esim-pink-369527537.html,16.0,4.0,2,Medium,4.1e-05,Samsung Galaxy S21 Plus,8GB,128GB,Not Specified,non,Pink,"5G 6.7"" 128GB 8GB 1.SIM ESim"
Samsung Galaxy Note20 SINGLE SIM (128GB 8GB RAM) 5G,298000,https://ng.jumia.is/unsafe/fit-in/300x300/filters:fill(white)/product/97/0984163/1.jpg?7667,https://www.jumia.com.ng/samsung-galaxy-note20-single-sim-128gb-8gb-ram-5g-361489079.html,31.0,4.1,35,Medium,0.000495,samsung galaxy note20,8GB,128GB,Not Specified,non,Unknown,Samsung SINGLE SIM (12 RAM) 5G
"Samsung Galaxy S21 Plus 5G - 6.7"" 128GB ROM/8GB RAM, Single Sim - Purple",300000,https://ng.jumia.is/unsafe/fit-in/300x300/filters:fill(white)/product/01/6675204/1.jpg?4676,https://www.jumia.com.ng/samsung-galaxy-s21-plus-5g-6.7-128gb-rom8gb-ram-single-sim-purple-402576610.html,0.0,3.0,2,Medium,3e-05,Samsung Galaxy S21 Plus,8GB,128GB,Not Specified,non,Purple,"5G 6.7"" 12 ROM RAM Single Sim"
"Samsung Galaxy Note 20 - 6.7"" 128GB ROM/8GB RAM, Single Sim -Bronze",300000,https://ng.jumia.is/unsafe/fit-in/300x300/filters:fill(white)/product/19/9118204/1.jpg?4837,https://www.jumia.com.ng/samsung-galaxy-note-20-6.7-128gb-rom8gb-ram-single-sim-bronze-402811991.html,0.0,0.0,0,Medium,0.0,samsung galaxy note 20,8GB,128GB,Not Specified,non,Unknown,"Samsung 6.7"" 12 ROM RAM Single Sim Bronze"
Samsung Galaxy s21 128gb + 8gb ram,300000,https://ng.jumia.is/unsafe/fit-in/300x300/filters:fill(white)/product/98/6891914/1.jpg?9537,https://www.jumia.com.ng/samsung-galaxy-s21-128gb-8gb-ram-419198689.html,45.0,5.0,2,Medium,5e-05,samsung galaxy s21,8GB,128GB,Not Specified,non,Unknown,12 ram
"Samsung Galaxy S10 Plus 4"" Single Sim 128gb/8gb",300000,https://ng.jumia.is/unsafe/fit-in/300x300/filters:fill(white)/product/68/0064822/1.jpg?2055,https://www.jumia.com.ng/samsung-galaxy-s10-plus-4-single-sim-128gb8gb-228460086.html,0.0,5.0,1,Medium,3.3e-05,samsung galaxy s10 plus,8GB,128GB,Not Specified,non,Unknown,"4"" Single Sim 128gb 8gb"
"Samsung Galaxy Note 20 - 6.7"" 256GB/8GB, Single Sim - Bronze",300000,https://ng.jumia.is/unsafe/fit-in/300x300/filters:fill(white)/product/71/2725963/1.jpg?8449,https://www.jumia.com.ng/samsung-galaxy-note-20-6.7-256gb8gb-single-sim-bronze-369527217.html,9.0,3.5,11,Medium,0.00014,samsung galaxy note 20,8GB,256GB,Not Specified,non,Unknown,"Samsung 6.7"" 256GB 8GB Single Sim Bronze"
"OUKITEL WP55S Rugged 256GB Smartphone 6.6"" FHD+120Hz, 11000mAh Battery, 64MP AI Camera,IP68/IP69K Waterproof Rugged Phones,MTK G100 Process,Android 15 Phones,33W Fast Charging, Outdoor Dustproof Phone,Bluetooth 5.2, 4G Dual SIM,Fingerprint/NFC/GPS/OTG/Face ID",301350,https://ng.jumia.is/unsafe/fit-in/300x300/filters:fill(white)/product/97/5232914/1.jpg?5179,https://www.jumia.com.ng/oukitel-wp55s-rugged-256gb-smartphone-6.6-fhd120hz-11000mah-battery-64mp-ai-cameraip68ip69k-waterproof-rugged-phonesmtk-g100-processandroid-15-phones33w-fast-charging-outdoor-dustproof-phonebluetooth-5.2-4g-dual-simfingerprintnfcgpsotgface-id-419232579.html,31.0,0.0,0,High,0.0,oukitel wp55s rugged,NOT SPECIFIED,NOT SPECIFIED,Not Specified,11000mAh,Blue,"Rugged 256GB Smartphone 6.6"" FHD 120Hz Battery 64MP AI Camera IP68 IP69K Waterproof Rugged Phones MTK G100 Process Android 15 Phones 33W Fast Charging Outdoor Dustproof Phone tooth 5.2 4G Dual SIM Fingerprint NFC GPS OTG Face ID"
Tecno Spark 40 Pro Smart Phone With 128GB ROM & 8GB RAM (UP TO 16GB RAM EXTENDED),305900,https://ng.jumia.is/unsafe/fit-in/300x300/filters:fill(white)/product/72/6337814/1.jpg?7645,https://www.jumia.com.ng/spark-40-pro-smart-phone-with-128gb-rom-8gb-ram-up-to-16gb-ram-extended-tecno-mpg11492093.html,10.0,1.0,1,High,7e-06,Tecno Spark 40 Pro,8GB,128GB,Not Specified,non,Unknown,Pro Smart Phone With 12 ROM & RAM (UP TO 16GB RAM EXTENDED)
Samsung Galaxy Note20 SINGLE SIM 128GB 8GB RAM 5G Black,319000,https://ng.jumia.is/unsafe/fit-in/300x300/filters:fill(white)/product/17/7851804/1.jpg?1255,https://www.jumia.com.ng/samsung-galaxy-note20-single-sim-128gb-8gb-ram-5g-black-408158771.html,0.0,5.0,1,High,3.1e-05,samsung galaxy note20,8GB,128GB,Not Specified,non,Black,Samsung SINGLE SIM 12 RAM 5G
"Vivo Y31D-6.75"",6/256GB,50MP/8MP,4G LTE,Android 16,7200mAh-Grey",319899,https://ng.jumia.is/unsafe/fit-in/300x300/filters:fill(white)/product/77/8513914/1.jpg?0503,https://www.jumia.com.ng/vivo-y31d-6.756256gb50mp8mp4g-lteandroid-167200mah-grey-419315877.html,1.0,0.0,0,High,0.0,vivo y3id,NOT SPECIFIED,NOT SPECIFIED,Not Specified,7200mAh,Grey,"6.75"" 6 256GB 50MP 8MP 4G LTE Android 16"
"Lenovo Idea Tab with Tab Pen and Folio Case, 5G 11.0'' 4GB RAM 128GB Android 13 Nano SIM - Luna Gray",320000,https://ng.jumia.is/unsafe/fit-in/300x300/filters:fill(white)/product/87/3022914/1.jpg?7805,https://www.jumia.com.ng/lenovo-idea-tab-with-tab-pen-and-folio-case-5g-11.0-4gb-ram-128gb-android-13-nano-sim-luna-gray-419220378.html,0.0,5.0,1,High,3.1e-05,lenovo idea tab with tab pen and folio,4GB,128GB,Not Specified,non,Gray,Lenovo Idea Tab with Tab Pen and Folio Case 5.0'' RAM 128GB Android 13 o SIM Luna
"Lenovo Tab M11  (11.0'') with Tab Pen + Folio Case,  4GB RAM 128GB Android 13 Nano SIM - Luna Grey",325000,https://ng.jumia.is/unsafe/fit-in/300x300/filters:fill(white)/product/42/2184804/1.jpg?3827,https://www.jumia.com.ng/lenovo-tab-m11-11.0-with-tab-pen-folio-case-4gb-ram-128gb-android-13-nano-sim-luna-grey-408481224.html,17.0,5.0,4,High,7.7e-05,lenovo tab m11,4GB,128GB,Not Specified,non,Grey,Lenovo (11.0'') with Tab Pen Folio Case RAM 128GB Android 13 o SIM Luna
Samsung GALAXY S20 ULTRA 5G SINGLE SIM 108PM+48PM 128/12GB 5000mAh,330000,https://ng.jumia.is/unsafe/fit-in/300x300/filters:fill(white)/product/98/3667852/1.jpg?8109,https://www.jumia.com.ng/samsung-galaxy-s20-ultra-5g-single-sim-108pm48pm-12812gb-5000mah-258766389.html,0.0,4.3,6,High,9.1e-05,Samsung Galaxy S20 Ultra,NOT SPECIFIED,NOT SPECIFIED,Not Specified,5000mAh,Unknown,5G SINGLE SIM 108PM 48PM 128 12GB
"Samsung Galaxy S22 5G - 6.1"" (256GB/8GB)Single Sim/E Sim - Black",345000,https://ng.jumia.is/unsafe/fit-in/300x300/filters:fill(white)/product/27/6176814/1.jpg?8073,https://www.jumia.com.ng/samsung-galaxy-s22-5g-6.1-256gb8gbsingle-sime-sim-black-418671672.html,0.0,3.0,2,High,2.6e-05,samsung galaxy s22,8GB,256GB,Not Specified,non,Black,"5G 6.1"" (256GB 8GB)Single Sim E Sim"
Samsung Galaxy Note 10 Plus - 256GB ROM - 12GB RAM - Single Sim - Black,348000,https://ng.jumia.is/unsafe/fit-in/300x300/filters:fill(white)/product/66/3943204/1.jpg?7066,https://www.jumia.com.ng/samsung-galaxy-note-10-plus-256gb-rom-12gb-ram-single-sim-black-402349366.html,0.0,5.0,2,High,4.3e-05,samsung galaxy note 10 plus,12GB,256GB,Not Specified,non,Black,Samsung Plus ROM RAM Single Sim
Samsung Galaxy Note 10 Plus Single Sim 256/12gb,348000,https://ng.jumia.is/unsafe/fit-in/300x300/filters:fill(white)/product/27/1468651/1.jpg?4231,https://www.jumia.com.ng/galaxy-note-10-plus-single-sim-25612gb-casescreen-guide-samsung-mpg1978336.html,0.0,5.0,2,High,4.3e-05,Samsung Galaxy Note 10 Plus,NOT SPECIFIED,NOT SPECIFIED,Not Specified,non,Unknown,Samsung Plus Single Sim 256 12gb
"Samsung Galaxy S21 Plus 5G - 6.7"" 256GB/8GB, Single Sim - Black",350000,https://ng.jumia.is/unsafe/fit-in/300x300/filters:fill(white)/product/74/5725963/1.jpg?9406,https://www.jumia.com.ng/samsung-galaxy-s21-plus-5g-6.7-256gb8gb-single-sim-black-369527547.html,13.0,3.6,5,High,6.2e-05,Samsung Galaxy S21 Plus,8GB,256GB,Not Specified,non,Black,"5G 6.7"" 256GB 8GB Single Sim"
"Samsung Galaxy S21 Plus 6.7"" 128GB S21+ Smartphone -Silver",350000,https://ng.jumia.is/unsafe/fit-in/300x300/filters:fill(white)/product/89/9311532/1.jpg?1202,https://www.jumia.com.ng/galaxy-s21-plus-6.7-128gb-s21-smartphone-silver-samsung-mpg3790452.html,33.0,4.4,24,High,0.000314,samsung galaxy s21 plus,NOT SPECIFIED,NOT SPECIFIED,Not Specified,non,Silver,"6.7"" 128GB S21 Smartphone"
Samsung Galaxy Note10 plus Note10(+) 5G 256GB Single Sim-black,360000,https://ng.jumia.is/unsafe/fit-in/300x300/filters:fill(white)/product/07/4122914/1.jpg?7982,https://www.jumia.com.ng/samsung-galaxy-note10-plus-note10-5g-256gb-single-sim-black-419221470.html,0.0,0.0,0,High,0.0,samsung galaxy note10 plus,NOT SPECIFIED,NOT SPECIFIED,Not Specified,non,Black,Samsung plus Note10( ) 5G 256GB Single Sim
Samsung Galaxy S22 S9010 5G  Android 12 8+128G  Black ⚫️,360000,https://ng.jumia.is/unsafe/fit-in/300x300/filters:fill(white)/product/44/6204852/1.jpg?3770,https://www.jumia.com.ng/samsung-galaxy-s22-s9010-5g-android-12-8128g-black-258402644.html,40.0,4.1,18,High,0.000216,samsung galaxy s22,NOT SPECIFIED,NOT SPECIFIED,Not Specified,non,Black,S9010 5G Android 12 8 128G ⚫️
"Samsung Galaxy A26 5G 6.7"" 6GB RAM 128GB ROM Android 15 Dual SIM - Black",360084,https://ng.jumia.is/unsafe/fit-in/300x300/filters:fill(white)/product/65/6941814/1.jpg?0148,https://www.jumia.com.ng/samsung-galaxy-a26-5g-6.7-6gb-ram-128gb-rom-android-15-dual-sim-black-418149656.html,28.0,4.5,2,High,3.7e-05,samsung galaxy a26,6GB,128GB,Not Specified,non,Black,"5G 6.7"" RAM ROM Android 15 Dual SIM"
Infinix Hot 60 Pro Plus Smart Phone With 256GB ROM & 8GB RAM,363799,https://ng.jumia.is/unsafe/fit-in/300x300/filters:fill(white)/product/52/9205814/1.jpg?7243,https://www.jumia.com.ng/infinix-hot-60-pro-plus-smart-phone-with-256gb-rom-8gb-ram-418502925.html,19.0,5.0,4,High,6.9e-05,infinix hot 60 pro plus,8GB,256GB,Not Specified,non,Unknown,Pro Plus Smart Phone With ROM & RAM
"Samsung Galaxy S22 5G - 6.1"" 128GB/8GB, Single Sim + ESim - Green",365000,https://ng.jumia.is/unsafe/fit-in/300x300/filters:fill(white)/product/90/3845963/1.jpg?2726,https://www.jumia.com.ng/samsung-galaxy-s22-5g-6.1-128gb8gb-single-sim-esim-green-369548309.html,17.0,4.8,4,High,6.6e-05,samsung galaxy s22,8GB,128GB,Not Specified,non,Green,"5G 6.1"" 128GB 8GB Single Sim ESim"
"XIAOMI Redmi Pad 2 4G - 11"" (8GB RAM, 256GB ROM) Android 15 - 8MP + 5MP - 9000mAh - WiFi+4G - Dual SIM - Graphite Gray",365000,https://ng.jumia.is/unsafe/fit-in/300x300/filters:fill(white)/product/54/8536814/1.jpg?7662,https://www.jumia.com.ng/xiaomi-redmi-pad-2-4g-11-8gb-ram-256gb-rom-android-15-8mp-5mp-9000mah-wifi4g-dual-sim-graphite-gray-418635845.html,9.0,0.0,0,High,0.0,xiaomi redmi pad 2,8GB,256GB,Not Specified,9000mAh,Gray,"XIAOMI 4G 11"" ( RAM ROM) Android 15 8MP 5MP WiFi 4G Dual SIM Graphite Gray"
"Samsung Galaxy Note 10 Plus (Note 10+) 6.8-Inch (12GB RAM, 256GB ROM), (12MP + 16MP) SINGLE SIM 4,300 MAh Smartphone - Aura Glow",370000,https://ng.jumia.is/unsafe/fit-in/300x300/filters:fill(white)/product/62/5158411/1.jpg?9858,https://www.jumia.com.ng/samsung-galaxy-note-10-plus-note-10-6.8-inch-12gb-ram-256gb-rom-12mp-16mp-single-sim-4300-mah-smartphone-aura-glow-114851526.html,0.0,4.7,14,High,0.000191,samsung galaxy note 10 plus,12GB,256GB,Not Specified,300mAh,Unknown,Samsung Plus (Note 10 ) 6.8 Inch ( RAM ROM) (12MP 16MP) SINGLE SIM 4 300 MAh Smartphone Aura Glow
"Samsung Galaxy S22 5G - 6.1"" 256GB/8GB, Single Sim + ESim - Black",370000,https://ng.jumia.is/unsafe/fit-in/300x300/filters:fill(white)/product/31/3845963/1.jpg?2847,https://www.jumia.com.ng/samsung-galaxy-s22-5g-6.1-256gb8gb-single-sim-esim-black-369548313.html,20.0,4.6,5,High,7.5e-05,samsung galaxy s22,8GB,256GB,Not Specified,non,Black,"5G 6.1"" 256GB 8GB Single Sim ESim"
"Samsung Galaxy S22 5G - 6.1"" 256GB/8GB, Single Sim + ESim - PinkGold",370000,https://ng.jumia.is/unsafe/fit-in/300x300/filters:fill(white)/product/41/3845963/1.jpg?2905,https://www.jumia.com.ng/samsung-galaxy-s22-5g-6.1-256gb8gb-single-sim-esim-pinkgold-369548314.html,20.0,5.0,1,High,2.7e-05,samsung galaxy s22,8GB,256GB,Not Specified,non,Gold,"5G 6.1"" 256GB 8GB Single Sim ESim Pink"
"Samsung Galaxy S10 Plus (S10+) 6.4-Inch AMOLED (8GB, 128GB ROM) (12MP + 12MP + 16MP)+(10MP+8MP) 4G Smartphone - Black",370000,https://ng.jumia.is/unsafe/fit-in/300x300/filters:fill(white)/product/57/496389/1.jpg?7265,https://www.jumia.com.ng/galaxy-s10-plus-s10-6.4-inch-amoled-8gb-128gb-rom-12mp-12mp-16mp10mp8mp-4g-smartphone-black-samsung-mpg8699680.html,0.0,4.5,36,High,0.00045,samsung galaxy s10 plus,8GB,128GB,10MP+8MP,non,Black,(S10 ) 6.4 Inch AMOLED (8GB ROM) (12MP 12MP 16MP) () 4G Smartphone
"Samsung Galaxy S10 Plus (S10+) 6.4-Inch AMOLED (8GB, 128GB ROM) Single Sim 4G Smartphone  Black",375000,https://ng.jumia.is/unsafe/fit-in/300x300/filters:fill(white)/product/36/927807/1.jpg?9111,https://www.jumia.com.ng/galaxy-s10-plus-s10-6.4-inch-amoled-8gb-128gb-rom-single-sim-4g-smartphone-black-samsung-mpg1680611.html,0.0,5.0,1,High,2.7e-05,samsung galaxy s10 plus,8GB,128GB,Not Specified,non,Black,(S10 ) 6.4 Inch AMOLED (8GB ROM) Single Sim 4G Smartphone
"Samsung Galaxy Z Flip 3 - 6.7"" - 256GB RAM - 8GB ROM - Single Sim - Lavender",390000,https://ng.jumia.is/unsafe/fit-in/300x300/filters:fill(white)/product/19/3615814/1.jpg?0270,https://www.jumia.com.ng/samsung-galaxy-z-flip-3-6.7-256gb-ram-8gb-rom-single-sim-lavender-418516391.html,5.0,4.5,2,High,3.5e-05,samsung galaxy z flip 3,8GB,256GB,Not Specified,non,Unknown,"Samsung Galaxy 6.7"" 2 RAM 8GB ROM Single Sim Lavender"
"Samsung Galaxy A26 5G 6.7"" 8GB RAM 256GB ROM Android 15 Dual SIM - Black",400000,https://ng.jumia.is/unsafe/fit-in/300x300/filters:fill(white)/product/15/2660914/1.jpg?3116,https://www.jumia.com.ng/samsung-galaxy-a26-5g-6.7-8gb-ram-256gb-rom-android-15-dual-sim-black-419066251.html,0.0,5.0,2,High,3.8e-05,samsung galaxy a26,8GB,256GB,Not Specified,non,Black,"5G 6.7"" RAM ROM Android 15 Dual SIM"
"Samsung Galaxy S21 Ultra 5G-6.8"" (128GB, 12GB RAM Single Sim Silver",400000,https://ng.jumia.is/unsafe/fit-in/300x300/filters:fill(white)/product/94/2546204/1.jpg?1324,https://www.jumia.com.ng/galaxy-s21-ultra-5g-6.8-128gb-12gb-ram-single-sim-silver-samsung-mpg10863817.html,0.0,5.0,1,High,2.5e-05,samsung galaxy s21 ultra,12GB,128GB,Not Specified,non,Silver,"5G 6.8"" (128GB RAM Single Sim"
"Oppo A6 PRO - 6.57,8GB/256GB,50MP/16MP,4G,7000MAH - ROSEWOOD RED",401199,https://ng.jumia.is/unsafe/fit-in/300x300/filters:fill(white)/product/13/5069814/1.jpg?6316,https://www.jumia.com.ng/oppo-a6-pro-6.578gb256gb50mp16mp4g7000mah-rosewood-red-418960531.html,1.0,4.5,2,High,3.4e-05,oppo a6 pro,8GB,256GB,Not Specified,7000mAh,Red,PRO 6.57 50MP 16MP 4G ROSEWOOD
"Samsung Galaxy A14 5G, 4GB RAM, 64GB Storage, Black, 5000 mAh, 6.6 inch with 12 months warranty (Refurbished)",401905,https://ng.jumia.is/unsafe/fit-in/300x300/filters:fill(white)/product/09/3466814/1.jpg?8285,https://www.jumia.com.ng/renewed-samsung-galaxy-a14-5g-4gb-ram-64gb-storage-black-5000-mah-6.6-inch-with-12-months-warranty-refurbished-418664390.html,4.0,5.0,1,High,2.5e-05,samsung galaxy a14,4GB,64GB,Not Specified,5000mAh,Black,5G RAM 6 Storage 5000 mAh 6.6 inch with 12 months warranty (Refurbished)
Unknown Product,410000,https://ng.jumia.is/unsafe/fit-in/300x300/filters:fill(white)/product/33/362373/1.jpg?2152,https://www.jumia.com.ng/iphone-xs-max-4gb-ram-64gb-rom-ios-12-12mp-12mp7mp-single-sim-gold-10d-screen-protector-silicon-back-case-apple-mpg1719407.html,0.0,0.0,0,High,0.0,unknown product,NOT SPECIFIED,NOT SPECIFIED,Not Specified,non,Unknown,Unknown Product
"Apple IPhone XS Max (4GB RAM, 64GB ROM) IOS 12 (12MP + 12MP)+7MP (single Sim) Gold & 10D Screen Protector + Silicon Back Case",410000,https://ng.jumia.is/unsafe/fit-in/300x300/filters:fill(white)/product/33/362373/1.jpg?2152,https://www.jumia.com.ng/iphone-xs-max-4gb-ram-64gb-rom-ios-12-12mp-12mp7mp-single-sim-gold-10d-screen-protector-silicon-back-case-apple-mpg1719407.html,0.0,3.6,5,High,5.3e-05,apple iphone xs max,4GB,64GB,Not Specified,non,Gold,Apple IPhone XS Max ( RAM 6 ROM) (12MP 12MP) 7MP (single Sim) & 10D Screen Protector Silicon Back Case
"Samsung Galaxy Z Flip 4 5G - 6.7"" - 256GB ROM, 8GB RAM, Single Sim - Graphite",410000,https://ng.jumia.is/unsafe/fit-in/300x300/filters:fill(white)/product/80/4615814/1.jpg?0269,https://www.jumia.com.ng/samsung-galaxy-z-flip-4-5g-6.7-256gb-rom-8gb-ram-single-sim-graphite-418516408.html,15.0,3.0,2,High,2.2e-05,samsung galaxy z flip 4,8GB,256GB,Not Specified,non,Unknown,"Samsung Galaxy 5G 6.7"" ROM RAM Single Sim Graphite"
"Samsung Galaxy A26 5G 6.7"" 8GB RAM  256GB ROM Android 15 Dual SIM - Black + free gifts",417480,https://ng.jumia.is/unsafe/fit-in/300x300/filters:fill(white)/product/14/1151814/1.jpg?0983,https://www.jumia.com.ng/samsung-galaxy-a26-5g-6.7-8gb-ram-256gb-rom-android-15-dual-sim-black-free-gifts-418151141.html,17.0,0.0,0,High,0.0,samsung galaxy a26,8GB,256GB,Not Specified,non,Black,"5G 6.7"" RAM ROM Android 15 Dual SIM free gifts"
"Samsung Galaxy S21 Ultra 5G-6.8"" (128GB, 12GB RAM) Single Sim Black ⚫️",430000,https://ng.jumia.is/unsafe/fit-in/300x300/filters:fill(white)/product/46/4905482/1.jpg?2892,https://www.jumia.com.ng/samsung-galaxy-s21-ultra-5g-6.8-128gb-12gb-ram-single-sim-black-284509464.html,37.0,4.2,25,High,0.000254,samsung galaxy s21 ultra,12GB,128GB,Not Specified,non,Black,"5G 6.8"" (128GB RAM) Single Sim ⚫️"
"Samsung Galaxy Note 20 Ultra 5G 6.9'', 128GB/12GB, Single Sim-Bronze",430000,https://ng.jumia.is/unsafe/fit-in/300x300/filters:fill(white)/product/96/4325052/1.jpg?3168,https://www.jumia.com.ng/galaxy-note-20-ultra-5g-6.9-128gb12gb-single-sim-bronze-samsung-mpg7950446.html,0.0,3.9,7,High,7.3e-05,samsung galaxy note 20 ultra,28GB,12GB,Not Specified,non,Unknown,Samsung Ultra 5G 6.9'' 1 Single Sim Bronze
"Samsung Galaxy S21 Ultra 5G-6.8"" (128GB, 12GB RAM) Single Sim-Silver",430000,https://ng.jumia.is/unsafe/fit-in/300x300/filters:fill(white)/product/67/3205852/1.jpg?6678,https://www.jumia.com.ng/galaxy-s21-ultra-5g-6.8-128gb-12gb-ram-single-sim-silver-samsung-mpg3790465.html,37.0,3.8,6,High,6.2e-05,samsung galaxy s21 ultra,12GB,128GB,Not Specified,non,Silver,"5G 6.8"" (128GB RAM) Single Sim"
"Samsung Galaxy S22 Plus 5G - 6.6"" 256GB/8GB, Single Sim - Black",435000,https://ng.jumia.is/unsafe/fit-in/300x300/filters:fill(white)/product/62/3845963/1.jpg?3507,https://www.jumia.com.ng/samsung-galaxy-s22-plus-5g-6.6-256gb8gb-single-sim-black-369548326.html,18.0,4.2,6,High,6.8e-05,samsung galaxy s22 plus,8GB,256GB,Not Specified,non,Black,"5G 6.6"" 256GB 8GB Single Sim"
"Infinix Note Edge 6.78"" 8GB/128GB Android 16- Green plus free travel bag and neck massager",444032,https://ng.jumia.is/unsafe/fit-in/300x300/filters:fill(white)/product/35/7923914/1.jpg?6631,https://www.jumia.com.ng/infinix-note-edge-6.78-8gb128gb-android-16-green-plus-free-travel-bag-and-neck-massager-419329753.html,5.0,0.0,0,High,0.0,infinix note edge,8GB,128GB,Not Specified,non,Green,"Infinix .78"" 12 Android 16 plus free travel bag and neck massager"
"Samsung Galaxy S21 Ultra 5G - 6.8"" 256GB/12GB, 1Sim - Titanium Black",445000,https://ng.jumia.is/unsafe/fit-in/300x300/filters:fill(white)/product/27/2845963/1.jpg?1947,https://www.jumia.com.ng/samsung-galaxy-s21-ultra-5g-6.8-256gb12gb-1sim-titanium-black-369548272.html,14.0,4.1,13,High,0.000129,samsung galaxy s21 ultra 5g,56GB,12GB,Not Specified,non,Titanium,"5G 6.8"" 2 1Sim Titanium"
"Samsung Galaxy S21 Ultra 5G - 6.8"" 256GB/12GB, Single Sim - Silver",445000,https://ng.jumia.is/unsafe/fit-in/300x300/filters:fill(white)/product/96/2845963/1.jpg?1886,https://www.jumia.com.ng/samsung-galaxy-s21-ultra-5g-6.8-256gb12gb-single-sim-silver-369548269.html,14.0,4.0,9,High,9e-05,samsung galaxy s21 ultra 5g,56GB,12GB,Not Specified,non,Silver,"5G 6.8"" 2 Single Sim"
"Samsung Galaxy A36 6.7"" 6GB RAM/128GB ROM Android 15 - Lime Green",452095,https://ng.jumia.is/unsafe/fit-in/300x300/filters:fill(white)/product/89/2523914/1.jpg?6050,https://www.jumia.com.ng/samsung-galaxy-a36-6.7-6gb-ram128gb-rom-android-15-lime-green-419325298.html,13.0,0.0,0,High,0.0,samsung galaxy a36,6GB,128GB,Not Specified,non,Green,"6.7"" RAM ROM Android 15 Lime"
Unknown Product,452095,https://ng.jumia.is/unsafe/fit-in/300x300/filters:fill(white)/product/89/2523914/1.jpg?6050,https://www.jumia.com.ng/samsung-galaxy-a36-6.7-6gb-ram128gb-rom-android-15-lime-green-419325298.html,0.0,0.0,0,High,0.0,unknown product,NOT SPECIFIED,NOT SPECIFIED,Not Specified,non,Unknown,Unknown Product
"Samsung Galaxy Note 20 Ultra 5G 6.9'', 256GB/12GB, Single Sim-Bronze",480000,https://ng.jumia.is/unsafe/fit-in/300x300/filters:fill(white)/product/95/8325052/1.jpg?5194,https://www.jumia.com.ng/galaxy-note-20-ultra-5g-6.9-256gb12gb-single-sim-bronze-samsung-mpg7683635.html,0.0,5.0,2,High,3.1e-05,samsung galaxy note 20 ultra,56GB,12GB,Not Specified,non,Unknown,Samsung Ultra 5G 6.9'' 2 Single Sim Bronze
"Samsung Galaxy A36 5G 6.7"" 8GB RAM  256GB ROM Android 15 Dual SIM - Awesome Black",480000,https://ng.jumia.is/unsafe/fit-in/300x300/filters:fill(white)/product/18/8622904/1.jpg?0663,https://www.jumia.com.ng/samsung-galaxy-a36-5g-6.7-8gb-ram-256gb-rom-android-15-dual-sim-awesome-black-409226881.html,0.0,4.5,4,High,4.7e-05,samsung galaxy a36 5g,8GB,256GB,Not Specified,non,Black,"5G 6.7"" RAM ROM Android 15 Dual SIM Awesome"
"Samsung Galaxy S21 Ultra 5G - 6.8'', 256GB / 12GB, Single Sim -Black",480000,https://ng.jumia.is/unsafe/fit-in/300x300/filters:fill(white)/product/69/4725052/1.jpg?4793,https://www.jumia.com.ng/galaxy-s21-ultra-5g-6.8-256gb-12gb-single-sim-black-samsung-mpg11948671.html,0.0,4.7,3,High,3.9e-05,samsung galaxy s21 ultra 5g,56GB,12GB,Not Specified,non,Black,5G 6.8'' 2 Single Sim
"Samsung Galaxy Note 20 Ultra - 6.9"" 256GB/12GB, Single Sim - Bronze",480000,https://ng.jumia.is/unsafe/fit-in/300x300/filters:fill(white)/product/60/3725963/1.jpg?7844,https://www.jumia.com.ng/samsung-galaxy-note-20-ultra-6.9-256gb12gb-single-sim-bronze-369527306.html,9.0,5.0,2,High,3.1e-05,samsung galaxy note 20 ultra,56GB,12GB,Not Specified,non,Unknown,"Samsung Ultra 6.9"" 2 Single Sim Bronze"
"Samsung Galaxy Note 20 Ultra - 6.9"" 256GB/12GB, Single Sim - White",480000,https://ng.jumia.is/unsafe/fit-in/300x300/filters:fill(white)/product/51/3725963/1.jpg?7905,https://www.jumia.com.ng/samsung-galaxy-note-20-ultra-6.9-256gb12gb-single-sim-white-369527315.html,14.0,0.0,0,High,0.0,samsung galaxy note 20 ultra,56GB,12GB,Not Specified,non,White,"Samsung Ultra 6.9"" 2 Single Sim"
"Tecno Camon 40Pro - 6.78"" 8+8GB RAM, 256GB ROM Android 15 (50/8)MP + 50MP Selfie - Dual Sim - 4G LTE - 5200mAh",485800,https://ng.jumia.is/unsafe/fit-in/300x300/filters:fill(white)/product/91/6247814/1.jpg?0017,https://www.jumia.com.ng/tecno-camon-40pro-6.78-88gb-ram-256gb-rom-android-15-508mp-50mp-selfie-dual-sim-4g-lte-5200mah-418742619.html,7.0,0.0,0,High,0.0,tecno camon 40pro,8GB + 8GB,NOT SPECIFIED,Not Specified,5200mAh,Unknown,"6.78"" 8 RAM ROM Android 15 (50 8)MP 50MP Selfie Dual Sim 4G LTE"
Samsung Galaxy s23 128 gb 8gb Rom,490000,https://ng.jumia.is/unsafe/fit-in/300x300/filters:fill(white)/product/02/6423914/1.jpg?6325,https://www.jumia.com.ng/samsung-galaxy-s23-128-gb-8gb-rom-419324620.html,30.0,0.0,0,High,0.0,samsung galaxy s23,NOT SPECIFIED,NOT SPECIFIED,Not Specified,non,Unknown,128 gb 8gb Rom
"XIAOMI Redmi Note 15 Pro - 6.77"" (8GB RAM, 256GB ROM) Android 15 (200/8)MP + 32MP Selfie - 4G LTE - 6500mAh - Dual Nano SIm - Glacier Blue",499000,https://ng.jumia.is/unsafe/fit-in/300x300/filters:fill(white)/product/83/3012914/1.jpg?0157,https://www.jumia.com.ng/redmi-note-15-pro-6.77-8gb-ram-256gb-rom-android-15-2008mp-32mp-selfie-4g-lte-6500mah-dual-nano-sim-glacier-blue-xiaomi-mpg11951359.html,10.0,0.0,0,High,0.0,xiaomi redmi note 15 pro,8GB,256GB,Not Specified,6500mAh,Blue,"XIAOMI Pro 6.77"" ( RAM ROM) Android 15 (200 8)MP 32MP Selfie 4G LTE Dual o SIm Glacier"
"Tecno CAMON 40 Pro - 6.78"" (256GB/8+8GB) 4G Dual SIM, 5200mAh  GREEN",499999,https://ng.jumia.is/unsafe/fit-in/300x300/filters:fill(white)/product/43/2316814/1.jpg?2303,https://www.jumia.com.ng/camon-40-pro-6.78-256gb88gb-4g-dual-sim-5200mah-tecno-mpg11469650.html,29.0,0.0,0,High,0.0,tecno camon 40 pro,8GB + 8GB,NOT SPECIFIED,Not Specified,5200mAh,Green,"Pro 6.78"" (256GB 8 8GB) 4G Dual SIM"
"XIAOMI Redmi Note 14 Pro+ 5G 6.67"" 12GB RAM & 16GB RAM/512GB ROM, Android 14 HyperOS, Dual Sim (Black, Green and Cyan)",500000,https://ng.jumia.is/unsafe/fit-in/300x300/filters:fill(white)/product/44/8680914/1.jpg?1190,https://www.jumia.com.ng/xiaomi-redmi-note-14-pro-5g-6.67-12gb-ram-16gb-ram512gb-rom-android-14-hyperos-dual-sim-black-green-and-cyan-419086844.html,17.0,5.0,2,High,3e-05,xiaomi redmi note 14,12GB,512GB,Not Specified,non,Black,"XIAOMI Pro 5G 6.67"" RAM & 16GB RAM 5 ROM Android 14 HyperOS Dual Sim ( Green and Cyan)"
Samsung Galaxy S21 5G 128GB/8GB,500000,https://ng.jumia.is/unsafe/fit-in/300x300/filters:fill(white)/product/20/1791914/1.jpg?1663,https://www.jumia.com.ng/samsung-galaxy-s21-5g-128gb8gb-419197102.html,0.0,0.0,0,High,0.0,samsung galaxy s21,8GB,128GB,Not Specified,non,Unknown,5G 128GB 8GB
"Samsung Galaxy S20 Ultra - 6.9'' - 12GB RAM 128GB ROM,5000mAh -Black",500000,https://ng.jumia.is/unsafe/fit-in/300x300/filters:fill(white)/product/95/6155832/1.jpg?3324,https://www.jumia.com.ng/galaxy-s20-ultra-6.9-12gb-ram-128gb-rom5000mah-black-samsung-mpg1792894.html,0.0,4.1,14,High,0.000123,samsung galaxy s20 ultra,12GB,128GB,Not Specified,5000mAh,Black,6.9'' RAM ROM
"Apple IPhone 12 6.1 Inches 5GB RAM, 64GB ROM, - Black",520000,https://ng.jumia.is/unsafe/fit-in/300x300/filters:fill(white)/product/27/6744801/1.jpg?5986,https://www.jumia.com.ng/iphone-12-6.1-64gb-4gb-ram-12pm12pm-2815mah-black-apple-mpg3712080.html,0.0,3.5,4,High,3.4e-05,apple iphone 12,5GB,64GB,Not Specified,non,Black,6.1 Inches RAM ROM
Unknown Product,523774,https://ng.jumia.is/unsafe/fit-in/300x300/filters:fill(white)/product/33/8383704/1.jpg?5363,https://www.jumia.com.ng/samsung-galaxy-a36-6.7-8gb-ram256gb-rom-android-15-black-407383833.html,0.0,0.0,0,High,0.0,unknown product,NOT SPECIFIED,NOT SPECIFIED,Not Specified,non,Unknown,Unknown Product
Samsung Galaxy s22 ultra 128gb + 8gb ram,530000,https://ng.jumia.is/unsafe/fit-in/300x300/filters:fill(white)/product/11/1141914/1.jpg?0901,https://www.jumia.com.ng/samsung-galaxy-s22-ultra-128gb-8gb-ram-419141111.html,47.0,0.0,0,High,0.0,samsung galaxy s22 ultra,8GB,128GB,Not Specified,non,Unknown,12 ram
"Samsung Galaxy S22 Ultra 5G - 6.8"" 128GB/8GB, Single SIM + ESIM - Burgundy",545000,https://ng.jumia.is/unsafe/fit-in/300x300/filters:fill(white)/product/64/3845963/1.jpg?4047,https://www.jumia.com.ng/samsung-galaxy-s22-ultra-5g-6.8-128gb8gb-single-sim-esim-burgundy-369548346.html,8.0,4.1,8,High,6.8e-05,samsung galaxy s22 ultra,8GB,128GB,Not Specified,non,Unknown,"5G 6.8"" 128GB 8GB Single SIM ESIM Burgundy"
"Samsung Galaxy Z Flip 3 5g -6.7"" (8GB , 256GB )- Black",550000,https://ng.jumia.is/unsafe/fit-in/300x300/filters:fill(white)/product/46/1545393/1.jpg?3462,https://www.jumia.com.ng/samsung-galaxy-z-flip-3-5g-6.7-8gb-256gb-black-393545164.html,0.0,3.5,11,High,7.6e-05,samsung galaxy z flip 3 5g,8GB,256GB,Not Specified,non,Black,"Samsung Galaxy 5g 6.7"" (8GB 256GB )"
XIAOMI Redmi G34WQ Curved Gaming Monitor 180Hz AMD FreeSync,557500,https://ng.jumia.is/unsafe/fit-in/300x300/filters:fill(white)/product/07/5024104/1.jpg?5992,https://www.jumia.com.ng/xiaomi-redmi-g34wq-curved-gaming-monitor-180hz-amd-freesync-401420570.html,43.0,4.9,7,High,7e-05,xiaomi redmi g34wq curved,NOT SPECIFIED,NOT SPECIFIED,Not Specified,non,Red,XIAOMI Curved Gaming Monitor 180Hz AMD FreeSync
"Samsung Galaxy A56 6.7"" 8GB RAM/128GB ROM - Awesome Light Grey + Free gift",568913,https://ng.jumia.is/unsafe/fit-in/300x300/filters:fill(white)/product/04/6761914/1.jpg?0382,https://www.jumia.com.ng/samsung-galaxy-a56-6.7-8gb-ram128gb-rom-awesome-light-grey-free-gift-419167640.html,7.0,5.0,2,High,2.6e-05,samsung galaxy a56,8GB,128GB,Not Specified,non,Grey,"6.7"" RAM 12 ROM Awesome Light Free gift"
"Samsung Galaxy A56 6.7"" 8GB RAM/128GB ROM -  Awesome Graphite",569318,https://ng.jumia.is/unsafe/fit-in/300x300/filters:fill(white)/product/34/8383704/1.jpg?8407,https://www.jumia.com.ng/samsung-galaxy-a56-6.7-8gb-ram128gb-rom-awesome-graphite-407383843.html,7.0,3.8,5,High,4e-05,samsung galaxy a56,8GB,128GB,Not Specified,non,Unknown,"6.7"" RAM 12 ROM Awesome Graphite"
"Samsung Galaxy A56 5G 6.7"" 8GB RAM  256GB ROM Android 15 Dual SIM - Awesome Graphite",570000,https://ng.jumia.is/unsafe/fit-in/300x300/filters:fill(white)/product/55/4654904/1.jpg?4097,https://www.jumia.com.ng/samsung-galaxy-a56-5g-6.7-8gb-ram-256gb-rom-android-15-dual-sim-awesome-graphite-409456455.html,0.0,4.8,10,High,9.3e-05,samsung galaxy a56,8GB,256GB,Not Specified,non,Unknown,"5G 6.7"" RAM ROM Android 15 Dual SIM Awesome Graphite"
"Samsung Galaxy A56 5G 6.7"" 8GB RAM  256GB ROM Android 15 Dual SIM - Awesome Olive",570000,https://ng.jumia.is/unsafe/fit-in/300x300/filters:fill(white)/product/83/9464214/1.jpg?5148,https://www.jumia.com.ng/samsung-galaxy-a56-5g-6.7-8gb-ram-256gb-rom-android-15-dual-sim-awesome-olive-412464938.html,0.0,4.5,13,High,0.000111,samsung galaxy a56,8GB,256GB,Not Specified,non,Unknown,"5G 6.7"" RAM ROM Android 15 Dual SIM Awesome Olive"
"Apple IPhone 12, 6.1-Inch 128GB ROM 5G  - Pacific Blue  Power Bank",570000,https://ng.jumia.is/unsafe/fit-in/300x300/filters:fill(white)/product/18/1142901/1.jpg?6697,https://www.jumia.com.ng/iphone-12-6.1-inch-128gb-rom-5g-pacific-blue-apple-mpg1775182.html,0.0,3.9,13,High,9.6e-05,apple iphone 17,NOT SPECIFIED,128GB,Not Specified,non,Blue,6.1 Inch ROM 5G Pacific Power Bank
"Samsung Galaxy A56 5G 6.7"" 8GB RAM 256GB ROM Android 15 Dual SIM - Awesome Graphite",570000,https://ng.jumia.is/unsafe/fit-in/300x300/filters:fill(white)/product/65/1143904/1.jpg?5139,https://www.jumia.com.ng/galaxy-a56-5g-6.7-8gb-ram-256gb-rom-android-15-dual-sim-awesome-graphite-samsung-mpg10351249.html,0.0,4.5,11,High,9.5e-05,samsung galaxy a56,8GB,256GB,Not Specified,non,Unknown,"5G 6.7"" RAM ROM Android 15 Dual SIM Awesome Graphite"
"Infinix Note 60 Pro 6.78"" 8GB RAM/ 256GB ROM Android 16- Ocean Blue plus free travel bag and neck massager",574467,https://ng.jumia.is/unsafe/fit-in/300x300/filters:fill(white)/product/99/5872914/1.jpg?2609,https://www.jumia.com.ng/infinix-note-60-pro-6.78-8gb-ram-256gb-rom-android-16-ocean-blue-plus-free-travel-bag-and-neck-massager-419278599.html,8.0,4.5,6,High,5.5e-05,infinix note 60 pro,8GB,256GB,Not Specified,non,Ocean Blue,"Pro 6.78"" RAM ROM Android 16 Ocean plus free travel bag and neck massager"
Unknown Product,574467,https://ng.jumia.is/unsafe/fit-in/300x300/filters:fill(white)/product/99/5872914/1.jpg?2609,https://www.jumia.com.ng/infinix-note-60-pro-6.78-8gb-ram-256gb-rom-android-16-ocean-blue-plus-free-travel-bag-and-neck-massager-419278599.html,0.0,0.0,0,High,0.0,unknown product,NOT SPECIFIED,NOT SPECIFIED,Not Specified,non,Unknown,Unknown Product
Google Pixel Pixel 8A 5G - 8GB RAM + 128GB ROM - Google Tensor G3 - Obsidian/Black Colour,580000,https://ng.jumia.is/unsafe/fit-in/300x300/filters:fill(white)/product/51/9033914/1.jpg?9262,https://www.jumia.com.ng/google-pixel-pixel-8a-5g-8gb-ram-128gb-rom-google-tensor-g3-obsidianblack-colour-419330915.html,11.0,0.0,0,High,0.0,google pixel 8a,8GB,128GB,Not Specified,non,Black,Google 5G RAM 12 ROM Google Tensor G3 Obsidian Colour
Samsung Galaxy S22 ultra  256gb 12gb ram 6.5 inches black,580000,https://ng.jumia.is/unsafe/fit-in/300x300/filters:fill(white)/product/09/9618814/1.jpg?2420,https://www.jumia.com.ng/samsung-galaxy-s22-ultra-256gb-12gb-ram-6.5-inches-black-418816990.html,17.0,0.0,0,High,0.0,samsung galaxy s22 ultra,56GB,12GB,Not Specified,non,Black,2 ram 6.5 inches
Unknown Product,580999,https://ng.jumia.is/unsafe/fit-in/300x300/filters:fill(white)/product/98/2052814/1.jpg?9824,https://www.jumia.com.ng/apple-iphone-se-3rd-generation-128-gb-midnight-418250289.html,0.0,0.0,0,High,0.0,unknown product,NOT SPECIFIED,NOT SPECIFIED,Not Specified,non,Unknown,Unknown Product
Samsung Galaxy S22 Ultra 5G 128GB ROM 8GB RAM Single Sim - Black,600000,https://ng.jumia.is/unsafe/fit-in/300x300/filters:fill(white)/product/44/6605392/1.jpg?9239,https://www.jumia.com.ng/samsung-galaxy-s22-ultra-5g-128gb-rom-8gb-ram-single-sim-black-293506644.html,29.0,4.5,15,High,0.00012,samsung galaxy s22 ultra,8GB,128GB,Not Specified,non,Black,5G 12 ROM RAM Single Sim
"Apple IPhone 12 Pro - 6.1"" - 5G -128GB ROM + 6GB RAM- Pacific Blue",600000,https://ng.jumia.is/unsafe/fit-in/300x300/filters:fill(white)/product/43/2590072/1.jpg?5807,https://www.jumia.com.ng/iphone-12-pro-6.1-5g-128gb-rom-6gb-ram-pacific-blue-apple-mpg3970205.html,0.0,3.5,2,High,1.8e-05,apple iphone 12 pro,6GB,128GB,Not Specified,non,Blue,"Pro 6.1"" 5G ROM RAM Pacific"
Unknown Product,608340,https://ng.jumia.is/unsafe/fit-in/300x300/filters:fill(white)/product/84/8383704/1.jpg?6900,https://www.jumia.com.ng/samsung-galaxy-a56-6.7-8gb-ram256gb-rom-awesome-graphite-407383848.html,0.0,0.0,0,High,0.0,unknown product,NOT SPECIFIED,NOT SPECIFIED,Not Specified,non,Unknown,Unknown Product
"Samsung Galaxy A56 6.7"" 8GB RAM/256GB ROM - Awesome Graphite",608340,https://ng.jumia.is/unsafe/fit-in/300x300/filters:fill(white)/product/84/8383704/1.jpg?6900,https://www.jumia.com.ng/samsung-galaxy-a56-6.7-8gb-ram256gb-rom-awesome-graphite-407383848.html,4.0,4.3,6,High,4.9e-05,samsung galaxy a56,8GB,256GB,Not Specified,non,Unknown,"6.7"" RAM ROM Awesome Graphite"
"Samsung Galaxy S22 Ultra 5G - 6.8"" 256GB/12GB, Single SIM + ESIM - Black",610000,https://ng.jumia.is/unsafe/fit-in/300x300/filters:fill(white)/product/25/3845963/1.jpg?4284,https://www.jumia.com.ng/samsung-galaxy-s22-ultra-5g-6.8-256gb12gb-single-sim-esim-black-369548352.html,9.0,4.5,27,High,0.000207,samsung galaxy s22 ultra,56GB,12GB,Not Specified,non,Black,"5G 6.8"" 2 Single SIM ESIM"
"Samsung Galaxy S22 Ultra 5G- 6.8"" - 256GB ROM, 12GB RAM - Single Sim",610000,https://ng.jumia.is/unsafe/fit-in/300x300/filters:fill(white)/product/88/3581072/1.jpg?4983,https://www.jumia.com.ng/galaxy-s22-ultra-5g-6.8-256gb-rom-12gb-ram-single-sim-samsung-mpg3790473.html,0.0,4.9,9,High,8e-05,samsung galaxy s22 ultra,12GB,256GB,Not Specified,non,Unknown,"5G 6.8"" ROM RAM Single Sim"
"Apple IPHONE 11 PRO MAX 6.5"" (12+12+12PM) 256/4GB Matte Space Gray",610000,https://ng.jumia.is/unsafe/fit-in/300x300/filters:fill(white)/product/45/7934852/1.jpg?4479,https://www.jumia.com.ng/apple-iphone-11-pro-max-6.5-121212pm-2564gb-matte-space-gray-258439754.html,0.0,4.0,1,High,1.3e-05,apple iphone 11 pro max,NOT SPECIFIED,NOT SPECIFIED,Not Specified,non,Gray,"PRO MAX 6.5"" (12 12 12PM) 256 4GB Matte Space"
"Apple IPhone 11 Pro Max 6.5-Inch Super Retina (4GB RAM, 64GB ROM),iOS 4G LTE Smartphone - Gold",615000,https://ng.jumia.is/unsafe/fit-in/300x300/filters:fill(white)/product/81/7335121/1.jpg?5894,https://www.jumia.com.ng/iphone-11-pro-max-6.5-inch-4gb-ram-64gb-rom-4g-gold-apple-mpg4135278.html,0.0,5.0,3,High,3.3e-05,apple iphone 11 pro max,4GB,64GB,Not Specified,non,Gold,Pro Max 6.5 Inch Super Retina ( RAM 6 ROM) iOS 4G LTE Smartphone
"Apple IPHONE 12 PRO  (6.1 INCH)  5G (6GB RAM, 256GB ROM) - Blue",624000,https://ng.jumia.is/unsafe/fit-in/300x300/filters:fill(white)/product/57/5197982/1.jpg?1149,https://www.jumia.com.ng/apple-iphone-12-pro-6.1-inch-5g-6gb-ram-256gb-rom-blue-289791575.html,0.0,4.6,5,High,4.4e-05,apple iphone 12 pro,6GB,256GB,Not Specified,non,Blue,PRO (6.1 INCH) 5G ( RAM 25 ROM)
"Apple IPhone 13 - 6.1"" - 128GB ROM - 4GB RAM - IOS 15 - 3240mAh - Blue",629000,https://ng.jumia.is/unsafe/fit-in/300x300/filters:fill(white)/product/18/1265104/1.jpg?0745,https://www.jumia.com.ng/apple-iphone-13-6.1-128gb-rom-4gb-ram-ios-15-3240mah-blue-401562181.html,0.0,0.0,0,High,0.0,apple iphone 13,4GB,128GB,Not Specified,3240mAh,Blue,"6.1"" ROM RAM IOS 15"
"Tecno Camon 50 Pro - 6.78"" (8+8GB RAM, 256GB ROM) Android 16 (50/50/8)MP + 32MP Selfie - 4G LTE - 6150mAh - Dual Sim - Moonshadow Black",656000,https://ng.jumia.is/unsafe/fit-in/300x300/filters:fill(white)/product/76/0734914/1.jpg?2550,https://www.jumia.com.ng/camon-50-pro-6.78-88gb-ram-256gb-rom-android-16-50508mp-32mp-selfie-4g-lte-6150mah-dual-sim-moonshadow-black-tecno-mpg11977740.html,13.0,0.0,0,High,0.0,tecno camon 50 pro,8GB + 8GB,NOT SPECIFIED,Not Specified,6150mAh,Black,"Pro 6.78"" (8 RAM ROM) Android 16 (50 50 8)MP 32MP Selfie 4G LTE Dual Sim Moonshadow"
"Apple iPhone 13 - 6.1Inch - 256GB ROM, 4GB RAM - IOS 15 - 3420mAh - Pink",670000,https://ng.jumia.is/unsafe/fit-in/300x300/filters:fill(white)/product/83/2951914/1.jpg?9747,https://www.jumia.com.ng/iphone-13-6.1inch-256gb-rom-4gb-ram-ios-15-3420mah-pink-apple-mpg11942905.html,0.0,0.0,0,High,0.0,apple iphone 13,4GB,256GB,Not Specified,3420mAh,Pink,6.1Inch ROM RAM IOS 15
"Apple IPhone 11 Pro Max 6.5-Inch (4GB RAM, 256GB ROM),iOS 13, (12MP+12MP+12MP)+12MP 4G LTE Smartphone - Midnight Green",670000,https://ng.jumia.is/unsafe/fit-in/300x300/filters:fill(white)/product/71/0844801/1.jpg?6973,https://www.jumia.com.ng/apple-iphone-11-pro-max-6.5-inch-4gb-ram-256gb-romios-13-12mp12mp12mp12mp-4g-lte-smartphone-midnight-green-108448017.html,0.0,4.0,1,High,1.2e-05,apple iphone 11 pro max,4GB,256GB,12MP+12MP+12MP,non,Green,Pro Max 6.5 Inch ( RAM ROM) iOS 13 () 12MP 4G LTE Smartphone Midnight
XIAOMI Redmi Note 15 pro+ 5G 12GB RAM ROM 512GB ROM  Android 15 Dual  SIM - Mocha Brown,675000,https://ng.jumia.is/unsafe/fit-in/300x300/filters:fill(white)/product/56/1472914/1.jpg?9836,https://www.jumia.com.ng/xiaomi-redmi-note-15-pro-5g-12gb-ram-rom-512gb-rom-android-15-dual-sim-mocha-brown-419274165.html,0.0,5.0,1,High,1.5e-05,xiaomi redmi note 15,12GB,512GB,Not Specified,non,Red,XIAOMI pro 5G RAM ROM 5 ROM Android 15 Dual SIM Mocha Brown
"Samsung  Galaxy S22 Ultra 5G - 6.8"" 512GB/12GB, Esim  PHYSIAL SIM- Black",685000,https://ng.jumia.is/unsafe/fit-in/300x300/filters:fill(white)/product/50/8318814/1.jpg?4185,https://www.jumia.com.ng/samsung-galaxy-s22-ultra-5g-6.8-512gb12gb-esim-physial-sim-black-418813805.html,0.0,0.0,0,High,0.0,samsung galaxy s22 ultra,12GB,12GB,Not Specified,non,Black,"5G 6.8"" 5 Esim PHYSIAL SIM"
"Apple IPhone 12 Pro Max - 6.7-Inch - 128GB ROM, 6GB RAM - IOS 14",689000,https://ng.jumia.is/unsafe/fit-in/300x300/filters:fill(white)/product/56/5157252/1.jpg?1082,https://www.jumia.com.ng/apple-iphone-12-pro-max-6.7-inch-128gb-rom-6gb-ram-ios-14-252751565.html,0.0,4.5,2,High,2e-05,apple iphone 12 pro max,6GB,128GB,Not Specified,non,Unknown,Pro Max 6.7 Inch ROM RAM IOS 14
"Apple IPHONE 12 PRO MAX  6.7"" (12PM+12PM+12PM) 128+6GB RAM 3687mAh",689000,https://ng.jumia.is/unsafe/fit-in/300x300/filters:fill(white)/product/46/9969932/1.jpg?0370,https://www.jumia.com.ng/apple-iphone-12-pro-max-6.7-12pm12pm12pm-1286gb-ram-3687mah-239969964.html,0.0,3.8,5,High,3.3e-05,apple iphone 12 pro max,6GB + 128GB,NOT SPECIFIED,Not Specified,3687mAh,Unknown,"PRO MAX 6.7"" (12PM 12PM 12PM) 128 RAM"
"Infinix Note 60 Pro 5G - 6.78"" - 256GB ROM - 8GB RAM - Dual SIM - 6500mAh - Mist Titanium",690000,https://ng.jumia.is/unsafe/fit-in/300x300/filters:fill(white)/product/19/9404914/1.jpg?7698,https://www.jumia.com.ng/infinix-note-60-pro-5g-6.78-256gb-rom-8gb-ram-dual-sim-6500mah-mist-titanium-419404991.html,8.0,0.0,0,High,0.0,infinix note 60 pro 5g,8GB,256GB,Not Specified,6500mAh,Titanium,"Pro 5G 6.78"" ROM RAM Dual SIM Mist Titanium"
Unknown Product,694055,https://ng.jumia.is/unsafe/fit-in/300x300/filters:fill(white)/product/13/5271914/1.jpg?3782,https://www.jumia.com.ng/xiaomi-redmi-note-15-pro-5g-6.83-12gb-512gb-dual-sim-6500mah-crystalres-amoled-display-black-419172531.html,0.0,0.0,0,High,0.0,unknown product,NOT SPECIFIED,NOT SPECIFIED,Not Specified,non,Unknown,Unknown Product
"XIAOMI Redmi Note 15 Pro+ 5G 6.83"" 12GB 512GB Dual SIM 6500mAh CrystalRes AMOLED display- Black",694055,https://ng.jumia.is/unsafe/fit-in/300x300/filters:fill(white)/product/13/5271914/1.jpg?3782,https://www.jumia.com.ng/xiaomi-redmi-note-15-pro-5g-6.83-12gb-512gb-dual-sim-6500mah-crystalres-amoled-display-black-419172531.html,5.0,5.0,1,High,1.4e-05,xiaomi redmi note 15,12GB,512GB,Not Specified,6500mAh,Black,"XIAOMI Pro 5G 6.83"" 5 Dual SIM CrystalRes AMOLED display"
"Samsung Galaxy Z Fold 3 7.6-Inch 12GB ,256GB -Phantom Black",700000,https://ng.jumia.is/unsafe/fit-in/300x300/filters:fill(white)/product/65/6805293/1.jpg?0410,https://www.jumia.com.ng/samsung-galaxy-z-fold-3-7.6-inch-12gb-256gb-phantom-black-392508656.html,18.0,3.4,10,High,5.3e-05,samsung galaxy z fold 3,12GB,256GB,Not Specified,non,Black,Samsung Galaxy 7.6 Inch 12GB 256GB Phantom
"Apple IPhone 13 Pro 5G - 6.1"" 128GB ROM, 6GB ROM - Silver",720000,https://ng.jumia.is/unsafe/fit-in/300x300/filters:fill(white)/product/49/2079114/1.jpg?1022,https://www.jumia.com.ng/apple-iphone-13-pro-5g-6.1-128gb-rom-6gb-rom-silver-411970294.html,0.0,4.0,1,High,1.1e-05,Apple iPhone 13 Pro,6GB,128GB,Not Specified,non,Silver,"Pro 5G 6.1"" ROM 6GB ROM"
"Apple IPhone 12 Pro Max - 6.7Inch - 256GB, 6GB RAM - IOS 14 - Gold",739000,https://ng.jumia.is/unsafe/fit-in/300x300/filters:fill(white)/product/44/7357252/1.jpg?2479,https://www.jumia.com.ng/apple-iphone-12-pro-max-6.7inch-256gb-6gb-ram-ios-14-gold-252753744.html,0.0,1.0,1,High,3e-06,apple iphone 12 pro max,6GB,256GB,Not Specified,non,Gold,Pro Max 6.7Inch 25 RAM IOS 14
"Samsung Galaxy Z Fold 4 5G - 7.6"" - 256GB RAM - 12GB ROM - Single Sim - 4400mAh - Phantom Black",740000,https://ng.jumia.is/unsafe/fit-in/300x300/filters:fill(white)/product/07/1521914/1.jpg?6968,https://www.jumia.com.ng/samsung-galaxy-z-fold-4-5g-7.6-256gb-ram-12gb-rom-single-sim-4400mah-phantom-black-419125170.html,0.0,5.0,2,High,2e-05,samsung galaxy z fold 4,12GB,256GB,Not Specified,4400mAh,Black,"Samsung Galaxy 5G 7.6"" 2 RAM ROM Single Sim Phantom"
"Samsung Galaxy Z Fold 4 5G - 7.6"" 256GB/12GB, 1Sim+E-Sim - Graygreen",740000,https://ng.jumia.is/unsafe/fit-in/300x300/filters:fill(white)/product/08/6118963/1.jpg?3867,https://www.jumia.com.ng/samsung-galaxy-z-fold-4-5g-7.6-256gb12gb-1sime-sim-graygreen-369811680.html,9.0,4.1,11,High,6.6e-05,samsung galaxy z fold 4,56GB,12GB,Not Specified,non,Green,"Samsung Galaxy 5G 7.6"" 2 1Sim E Sim Gray"
"Apple IPHONE 11 - 6.1""  128/4GB RAM (12MP+12MP) 3110mAh RED",750000,https://ng.jumia.is/unsafe/fit-in/300x300/filters:fill(white)/product/16/2559932/1.jpg?7634,https://www.jumia.com.ng/iphone-11-6.1-1284gb-ram-12mp12mp-3110mah-red-apple-mpg7059827.html,0.0,0.0,0,High,0.0,apple iphone 11,4GB,NOT SPECIFIED,12MP+12MP,3110mAh,Red,"6.1"" 128 RAM ()"
"Apple iPhone 14 - 6.1"" - 128GB + 6GB RAM -  1 Sim +1 Esim - 5G - Purple",750000,https://ng.jumia.is/unsafe/fit-in/300x300/filters:fill(white)/product/94/6367104/1.jpg?6628,https://www.jumia.com.ng/apple-iphone-14-6.1-128gb-6gb-ram-1-sim-1-esim-5g-purple-401763649.html,0.0,0.0,0,High,0.0,apple iphone 14,6GB,128GB,Not Specified,non,Purple,"6.1"" 128GB RAM 1 Sim 1 Esim 5G"
"Apple iPhone 13 Pro 5G - 6.1"" 256GB ROM, 6GB RAM - Sierra Blue",760000,https://ng.jumia.is/unsafe/fit-in/300x300/filters:fill(white)/product/37/8265104/1.jpg?7185,https://www.jumia.com.ng/apple-iphone-13-pro-5g-6.1-256gb-rom-6gb-ram-sierra-blue-401562873.html,0.0,4.0,4,High,2.6e-05,Apple iPhone 13 Pro,6GB,256GB,Not Specified,non,Blue,"Pro 5G 6.1"" 25 ROM RAM Sierra"
"Apple IPhone XS Max - 6.5"" - 64GB ROM - 4GB RAM - Silver - IOS 12 - 4G Smartphone - 3174mAh + Free Pouch And Screen Protector Free Pouch And Screen Protector",760000,https://ng.jumia.is/unsafe/fit-in/300x300/filters:fill(white)/product/90/9303661/1.jpg?2698,https://www.jumia.com.ng/iphone-xs-max-6.5-64gb-rom-4gb-ram-ios-12-4g-smartphone-3174mah-silver-free-pouch-and-screen-protector-free-pouch-and-screen-protector-apple-mpg1719402.html,0.0,0.0,0,High,0.0,apple iphone xs max,4GB,64GB,Not Specified,3174mAh,Silver,"Apple IPhone XS Max 6.5"" 6 ROM RAM 4G Smartphone Free Pouch And Screen Protector Free Pouch And Screen Protector"
"Apple IPhone 12 Pro Max 5G - 6.7"" (256GB/6GB) + Powerbank - Silver",770000,https://ng.jumia.is/unsafe/fit-in/300x300/filters:fill(white)/product/18/6605523/1.jpg?3369,https://www.jumia.com.ng/apple-iphone-12-pro-max-5g-6.7-256gb6gb-powerbank-silver-325506681.html,0.0,4.5,2,High,1.8e-05,apple iphone 12 pro max,6GB,256GB,Not Specified,non,Silver,"Pro Max 5G 6.7"" (256GB 6GB) Powerbank"
"Apple IPhone 13 Pro Max - 6.7"" - 256GB ROM - 6GB RAM - IOS 15 - 4352mAh - Blue",819000,https://ng.jumia.is/unsafe/fit-in/300x300/filters:fill(white)/product/98/5776104/1.jpg?4965,https://www.jumia.com.ng/apple-iphone-13-pro-max-6.7-256gb-rom-6gb-ram-ios-15-4352mah-blue-401677589.html,0.0,5.0,1,High,1.2e-05,apple iphone 13 pro max,6GB,256GB,Not Specified,4352mAh,Blue,"Pro Max 6.7"" 25 ROM RAM IOS 15"
"Apple IPhone 13 Pro Max - 6.7"" - 256GB ROM - 6GB RAM - IOS 15 - 4352mAh - Gold",819000,https://ng.jumia.is/unsafe/fit-in/300x300/filters:fill(white)/product/77/2265104/1.jpg?2785,https://www.jumia.com.ng/apple-iphone-13-pro-max-6.7-256gb-rom-6gb-ram-ios-15-4352mah-gold-401562277.html,0.0,0.0,0,High,0.0,apple iphone 13 pro max,6GB,256GB,Not Specified,4352mAh,Gold,"Pro Max 6.7"" 25 ROM RAM IOS 15"
"Apple IPhone 13 Pro Max - 6.7"" 256GB ROM, 6GB RAM, 4352mA - Blue",820000,https://ng.jumia.is/unsafe/fit-in/300x300/filters:fill(white)/product/75/2142172/1.jpg?3152,https://www.jumia.com.ng/apple-iphone-13-pro-max-6.7-256gb-rom-6gb-ram-4352ma-blue-271241257.html,0.0,5.0,2,High,1.8e-05,apple iphone 13 pro max,6GB,256GB,Not Specified,non,Blue,"Pro Max 6.7"" 25 ROM RAM 4352mA"
"Samsung Galaxy Z Flip 4 5G - 6.7"" - 128GB ROM, 8GB RAM, Single Sim - Blue",830000,https://ng.jumia.is/unsafe/fit-in/300x300/filters:fill(white)/product/06/7071814/1.jpg?7443,https://www.jumia.com.ng/samsung-galaxy-z-flip-4-5g-6.7-128gb-rom-8gb-ram-single-sim-blue-418170760.html,0.0,0.0,0,High,0.0,samsung galaxy z flip 4,8GB,128GB,Not Specified,non,Blue,"Samsung Galaxy 5G 6.7"" 12 ROM RAM Single Sim"
"Samsung Galaxy S23 Ultra 5G - 6.8"" 512GB/12GB, 1Sim+E-Sim - Black",860000,https://ng.jumia.is/unsafe/fit-in/300x300/filters:fill(white)/product/69/3608963/1.jpg?0667,https://www.jumia.com.ng/samsung-galaxy-s23-ultra-5g-6.8-512gb12gb-1sime-sim-black-369806396.html,9.0,5.0,3,High,2.3e-05,samsung galaxy s23 ultra,12GB,12GB,Not Specified,non,Black,"5G 6.8"" 5 1Sim E Sim"
"Samsung Galaxy Z Fold 5 5G - 7.6"" 512GB/12GB, 1Sim + E-Sim - Icy Blue",935000,https://ng.jumia.is/unsafe/fit-in/300x300/filters:fill(white)/product/47/5741914/1.jpg?0450,https://www.jumia.com.ng/samsung-galaxy-z-fold-5-5g-7.6-512gb12gb-1sim-e-sim-icy-blue-419147574.html,0.0,0.0,0,High,0.0,Samsung Galaxy Z Fold 5,12GB,12GB,Not Specified,non,Blue,"Samsung Galaxy 5G 7.6"" 5 1Sim E Sim Icy"
"Apple IPhone 15 5G - 6.1"" - 128GB ROM, 6GB ROM, iOS 17 - Pink",950000,https://ng.jumia.is/unsafe/fit-in/300x300/filters:fill(white)/product/54/3865814/1.jpg?2723,https://www.jumia.com.ng/iphone-15-5g-6.1-128gb-rom-6gb-rom-ios-17-pink-apple-mpg11339970.html,0.0,5.0,1,High,1.1e-05,Apple iPhone 15,6GB,128GB,Not Specified,non,Pink,"5G 6.1"" ROM 6GB ROM iOS 17"
"Apple iPhone 14 Pro - 6.1"" (128GB ROM + 6GB RAM) Single Nano Sim - iOS 16 - Silver",972000,https://ng.jumia.is/unsafe/fit-in/300x300/filters:fill(white)/product/47/1595814/1.jpg?8434,https://www.jumia.com.ng/iphone-14-pro-6.1-128gb-rom-6gb-ram-single-nano-sim-ios-16-silver-apple-mpg11453450.html,3.0,0.0,0,High,0.0,apple iphone 14 pro,6GB,128GB,Not Specified,non,Silver,"Pro 6.1"" ( ROM RAM) Single o Sim iOS 16"
"Apple IPhone 14 Pro 6.1"" (128GB ROM + 6GB RAM) Nano Sim - Purple",1030000,https://ng.jumia.is/unsafe/fit-in/300x300/filters:fill(white)/product/04/9374123/1.jpg?8272,https://www.jumia.com.ng/apple-iphone-14-pro-6.1-128gb-rom-6gb-ram-nano-sim-purple-321473940.html,0.0,5.0,1,High,1e-05,apple iphone 14 pro,6GB,128GB,Not Specified,non,Purple,"Pro 6.1"" ( ROM RAM) o Sim"
"Apple iPhone 14 Pro Max 6.7"" - 256GB ROM + 6GB RAM - iOS 16 - Nano Sim- Gold",1250000,https://ng.jumia.is/unsafe/fit-in/300x300/filters:fill(white)/product/39/3772104/1.jpg?8109,https://www.jumia.com.ng/apple-iphone-14-pro-max-6.7-256gb-rom-6gb-ram-ios-16-nano-sim-gold-401277393.html,0.0,0.0,0,High,0.0,apple iphone 14 pro max,6GB,256GB,Not Specified,non,Gold,"Pro Max 6.7"" 25 ROM RAM iOS 16 o Sim"
"Apple iPhone 14 Pro Max 6.7"" - 256GB ROM - 6GB RAM - iOS 16 - Nano Sim - Deep Purple",1250000,https://ng.jumia.is/unsafe/fit-in/300x300/filters:fill(white)/product/08/2972104/1.jpg?9185,https://www.jumia.com.ng/apple-iphone-14-pro-max-6.7-256gb-rom-6gb-ram-ios-16-nano-sim-deep-purple-401279280.html,0.0,0.0,0,High,0.0,apple iphone 14 pro max,6GB,256GB,Not Specified,non,Purple,"Pro Max 6.7"" 25 ROM RAM iOS 16 o Sim Deep"
"Samsung Galaxy S24 Ultra 5G, 512GB/12GB AI Smartphone, 200MP, 100x Zoom Cameras, Fast Processor, Long Battery Life, Edge-to-Edge Display, S Pen",1269999,https://ng.jumia.is/unsafe/fit-in/300x300/filters:fill(white)/product/80/5019904/1.jpg?1970,https://www.jumia.com.ng/samsung-galaxy-s24-ultra-5g-512gb12gb-ai-smartphone-200mp-100x-zoom-cameras-fast-processor-long-battery-life-edge-to-edge-display-s-pen-409910508.html,15.0,5.0,4,High,2e-05,samsung galaxy s24 ultra,12GB,12GB,Not Specified,non,Unknown,5G 5 AI Smartphone 200MP 100x Zoom Cameras Fast Processor Long Battery Life Edge to Edge Display S Pen
Samsung Galaxy S24 Ultra One Sim And E - Sim - 12GB RAM - 512GB - 5G - Black Titanium,1280000,https://ng.jumia.is/unsafe/fit-in/300x300/filters:fill(white)/product/03/4924663/1.jpg?3321,https://www.jumia.com.ng/samsung-galaxy-s24-ultra-one-sim-and-e-sim-12gb-ram-512gb-5g-black-titanium-366429430.html,36.0,4.0,8,High,2.8e-05,samsung galaxy s24 ultra,12GB,512GB,Not Specified,non,Titanium,One Sim And E Sim RAM 5 5G Titanium
"Apple IPhone 16 Plus 5G - 6.7"" - 128GB ROM - 8GB RAM - Single SIM - Pink",1300000,https://ng.jumia.is/unsafe/fit-in/300x300/filters:fill(white)/product/13/3618114/1.jpg?3730,https://www.jumia.com.ng/apple-iphone-16-plus-5g-6.7-128gb-rom-8gb-ram-single-sim-pink-411816331.html,0.0,0.0,0,High,0.0,apple iphone 16 plus,8GB,128GB,Not Specified,non,Pink,"Plus 5G 6.7"" 12 ROM RAM Single SIM"
"Apple IPhone 15 Pro 6.1"" (128GB ROM + 8GB RAM) Nano Sim - White",1300000,https://ng.jumia.is/unsafe/fit-in/300x300/filters:fill(white)/product/85/7008983/1.jpg?6967,https://www.jumia.com.ng/apple-iphone-15-pro-6.1-128gb-rom-8gb-ram-nano-sim-white-389800758.html,0.0,5.0,1,High,8e-06,apple iphone 15 pro,8GB,128GB,Not Specified,non,White,"Pro 6.1"" (12 ROM RAM) o Sim"
"Apple IPhone 16 Plus 5G - 6.7"" - 128GB ROM - 8GB RAM - Single SIM - Ultramarine",1300000,https://ng.jumia.is/unsafe/fit-in/300x300/filters:fill(white)/product/18/0718114/1.jpg?3730,https://www.jumia.com.ng/apple-iphone-16-plus-5g-6.7-128gb-rom-8gb-ram-single-sim-ultramarine-411817081.html,0.0,0.0,0,High,0.0,apple iphone 16 plus,8GB,128GB,Not Specified,non,Unknown,"Plus 5G 6.7"" 12 ROM RAM Single SIM Ultramarine"
"Apple IPhone 16 Plus 5G - 6.7"" - 128GB ROM - 8GB RAM - Single SIM - White",1300000,https://ng.jumia.is/unsafe/fit-in/300x300/filters:fill(white)/product/87/9618114/1.jpg?3729,https://www.jumia.com.ng/apple-iphone-16-plus-5g-6.7-128gb-rom-8gb-ram-single-sim-white-411816978.html,0.0,0.0,0,High,0.0,apple iphone 16 plus,8GB,128GB,Not Specified,non,White,"Plus 5G 6.7"" 12 ROM RAM Single SIM"
"Samsung GALAXY Z FOLD 6 5G 7.6"" 12GB 512GB ROM - Large Screen",1319999,https://ng.jumia.is/unsafe/fit-in/300x300/filters:fill(white)/product/15/5549404/1.jpg?0912,https://www.jumia.com.ng/samsung-galaxy-z-fold-6-5g-7.6-12gb-512gb-rom-large-screen-404945551.html,12.0,4.3,4,High,1.6e-05,samsung galaxy z fold 6,12GB,512GB,Not Specified,non,Unknown,"Samsung GALAXY 5G 7.6"" 5 ROM Large Screen"
"Apple IPhone 14 Pro Max 6.7"" (256GB ROM + 6GB RAM) Nano Sim-Purple",1340000,https://ng.jumia.is/unsafe/fit-in/300x300/filters:fill(white)/product/59/0604123/1.jpg?0716,https://www.jumia.com.ng/apple-iphone-14-pro-max-6.7-256gb-rom-6gb-ram-nano-sim-purple-321406095.html,0.0,4.5,4,High,1.7e-05,apple iphone 14 pro max,6GB,256GB,Not Specified,non,Purple,"Pro Max 6.7"" (25 ROM RAM) o Sim"
"Apple IPhone 15 Pro Max 6.7"" 256GB Nano-SIM & ESIM 5G - Natural",1450000,https://ng.jumia.is/unsafe/fit-in/300x300/filters:fill(white)/product/76/7283183/1.jpg?1937,https://www.jumia.com.ng/apple-iphone-15-pro-max-6.7-256gb-nano-sim-esim-5g-natural-381382767.html,0.0,0.0,0,High,0.0,apple iphone 15 pro max,NOT SPECIFIED,NOT SPECIFIED,Not Specified,non,Unknown,"Pro Max 6.7"" 256GB o SIM & ESIM 5G Natural"
"Apple iPhone 15 Pro Max 6.7""- 512GB- Nano-SIM & ESIM 5G - Natural",1500000,https://ng.jumia.is/unsafe/fit-in/300x300/filters:fill(white)/product/30/0152814/1.jpg?8283,https://www.jumia.com.ng/iphone-15-pro-max-6.7-512gb-nano-sim-esim-5g-natural-apple-mpg11046884.html,0.0,5.0,1,High,7e-06,apple iphone 15 pro max,NOT SPECIFIED,NOT SPECIFIED,Not Specified,non,Unknown,"Pro Max 6.7"" 512GB o SIM & ESIM 5G Natural"
"Apple IPhone 11 6.1-Inch Liquid Retina (4GB RAM, 128GB ROM) White",1500000,https://ng.jumia.is/unsafe/fit-in/300x300/filters:fill(white)/product/30/5691731/1.jpg?6779,https://www.jumia.com.ng/apple-iphone-11-6.1-inch-liquid-retina-4gb-ram-128gb-rom-white-137196503.html,0.0,0.0,0,High,0.0,apple iphone 11,4GB,128GB,Not Specified,non,White,6.1 Inch Liquid Retina ( RAM ROM)
Apple iPhone 17 - 256GB - Black,1540999,https://ng.jumia.is/unsafe/fit-in/300x300/filters:fill(white)/product/23/0797814/1.jpg?8280,https://www.jumia.com.ng/apple-iphone-17-256gb-black-418797032.html,55.0,5.0,1,High,6e-06,apple iphone 17,NOT SPECIFIED,NOT SPECIFIED,Not Specified,non,Black,256GB
"Apple IPhone 15 Pro Max 6.7"" 512GB Nano-SIM 5G - Natural Titanium",1550000,https://ng.jumia.is/unsafe/fit-in/300x300/filters:fill(white)/product/68/4554283/1.jpg?3620,https://www.jumia.com.ng/apple-iphone-15-pro-max-6.7-512gb-nano-sim-5g-natural-titanium-382455486.html,0.0,5.0,2,High,1e-05,apple iphone 15 pro max,NOT SPECIFIED,NOT SPECIFIED,Not Specified,non,Titanium,"Pro Max 6.7"" 512GB o SIM 5G Natural Titanium"
"Google Pixel  Pixel 10 Pro XL 5G - 16GB RAM + 256GB ROM - Physical Sim & Esim - Gemini AI Assistant - Advanced Triple Rear Camera, Fast-Charging 24+ Hour Battery, and 6.8"" Actua Display - Obsidian Colour",1550000,https://ng.jumia.is/unsafe/fit-in/300x300/filters:fill(white)/product/55/3751914/1.jpg?4705,https://www.jumia.com.ng/google-pixel-pixel-10-pro-xl-5g-16gb-ram-256gb-rom-physical-sim-esim-gemini-ai-assistant-advanced-triple-rear-camera-fast-charging-24-hour-battery-and-6.8-actua-display-obsidian-colour-419157355.html,3.0,0.0,0,High,0.0,Google Pixel 10 Pro XL,16GB,256GB,Not Specified,non,Unknown,"Google Pro XL 5G RAM ROM Physical Sim & Esim Gemini AI Assistant Advanced Triple Rear Camera Fast Charging 24 Hour Battery and 6.8"" Actua Display Obsidian Colour"
Samsung GALAXY S25 ULTRA 512GB ROM 12GB RAM - 5000mah,1559999,https://ng.jumia.is/unsafe/fit-in/300x300/filters:fill(white)/product/98/1549404/1.jpg?9664,https://www.jumia.com.ng/samsung-galaxy-s25-ultra-512gb-rom-12gb-ram-5000mah-404945189.html,0.0,5.0,4,High,1.6e-05,samsung galaxy s25 ultra,12GB,512GB,Not Specified,5000mAh,Unknown,5 ROM RAM
"Google Pixel  Pixel Pixel 10 Pro XL 5G - 16GB RAM + 256GB ROM - Physical Sim & Esim - Gemini AI Assistant - Advanced Triple Rear Camera, Fast-Charging 24+ Hour Battery, and 6.8"" Actua Display - Obsidian Colour",1580000,https://ng.jumia.is/unsafe/fit-in/300x300/filters:fill(white)/product/15/9191914/1.jpg?1339,https://www.jumia.com.ng/google-pixel-pixel-pixel-10-pro-xl-5g-16gb-ram-256gb-rom-physical-sim-esim-gemini-ai-assistant-advanced-triple-rear-camera-fast-charging-24-hour-battery-and-6.8-actua-display-obsidian-colour-419191951.html,0.0,0.0,0,High,0.0,google pixel 10 pro xl,16GB,256GB,Not Specified,non,Unknown,"Google Pixel Pro XL 5G RAM ROM Physical Sim & Esim Gemini AI Assistant Advanced Triple Rear Camera Fast Charging 24 Hour Battery and 6.8"" Actua Display Obsidian Colour"
"Apple iPhone 17 Air (iPhone Air) - 6.5"" Thinnest iPhone Ever - 256GB - 12GB - eSim Only - Sky Blue",1640000,https://ng.jumia.is/unsafe/fit-in/300x300/filters:fill(white)/product/95/2298814/1.jpg?7763,https://www.jumia.com.ng/apple-iphone-17-air-iphone-air-6.5-thinnest-iphone-ever-256gb-12gb-esim-only-sky-blue-418892259.html,0.0,0.0,0,High,0.0,apple iphone 17 air (iphone air),12GB,256GB,Not Specified,non,Blue,"Air (iPhone Air) 6.5"" Thinnest iPhone Ever 256GB 12GB eSim Only Sky"
Samsung Galaxy S25 Ultra Dual SIM - 12GB - 256GB- 5G - Titanium Black,1650000,https://ng.jumia.is/unsafe/fit-in/300x300/filters:fill(white)/product/63/7457104/1.jpg?6628,https://www.jumia.com.ng/samsung-galaxy-s25-ultra-dual-sim-12gb-256gb-5g-titanium-black-401754736.html,25.0,5.0,2,High,9e-06,samsung galaxy s25 ultra,12GB,256GB,Not Specified,non,Titanium,Dual SIM 12GB 256GB 5G Titanium
Unknown Product,1654999,https://ng.jumia.is/unsafe/fit-in/300x300/filters:fill(white)/product/45/0245814/1.jpg?7697,https://www.jumia.com.ng/apple-ipad-air-13-m3-wi-fi-128gb-418542054.html,0.0,0.0,0,High,0.0,unknown product,NOT SPECIFIED,NOT SPECIFIED,Not Specified,non,Unknown,Unknown Product
Apple IPhone 17- 8GB-256GB - Sage -5G,1750000,https://ng.jumia.is/unsafe/fit-in/300x300/filters:fill(white)/product/16/1087814/1.jpg?5639,https://www.jumia.com.ng/apple-iphone-17-8gb-256gb-sage-5g-418780161.html,13.0,0.0,0,High,0.0,apple iphone 17,8GB,256GB,Not Specified,non,Unknown,8GB 256GB Sage 5G
Apple IPhone 16 - 8GB-256GB - 5G - Ultramarine,1899000,https://ng.jumia.is/unsafe/fit-in/300x300/filters:fill(white)/product/76/6867973/1.jpg?9252,https://www.jumia.com.ng/apple-iphone-16-8gb-256gb-5g-ultramarine-379768667.html,10.0,0.0,0,High,0.0,apple iphone 16,8GB,256GB,Not Specified,non,Unknown,8GB 256GB 5G Ultramarine
"Apple iPhone 16 Pro Max - 6.9"" - 256GB ROM - 8GB RAM - Single Nano Sim – 5G - iOS 18 – Natural Titanium",1920000,https://ng.jumia.is/unsafe/fit-in/300x300/filters:fill(white)/product/17/0800914/1.jpg?8700,https://www.jumia.com.ng/iphone-16-pro-max-6.9-256gb-rom-8gb-ram-single-nano-sim-5g-ios-18-natural-titanium-apple-mpg11712715.html,0.0,0.0,0,High,0.0,apple iphone 16 pro max,8GB,256GB,Not Specified,non,Titanium,"Pro Max 6.9"" ROM RAM Single o Sim – 5G iOS 18 – Natural Titanium"
Apple iPhone 16 Pro Max - 8GB - 256GB -5G - Desert Titanium,1920999,https://ng.jumia.is/unsafe/fit-in/300x300/filters:fill(white)/product/27/9196704/1.jpg?4258,https://www.jumia.com.ng/apple-iphone-16-pro-max-8gb-256gb-5g-desert-titanium-407691972.html,50.0,3.0,2,High,5e-06,apple iphone 16 pro max,8GB,256GB,Not Specified,non,Titanium,Pro Max 8GB 256GB 5G Desert Titanium
"Samsung Galaxy S26 Ultra - 6.9"" (12GB RAM, 256GB ROM) Android 16 (200/10/50/50)MP + 12MP Selfie - Snapdragon 5G - Dual Nano Sim - 5000mAh - Black",2000000,https://ng.jumia.is/unsafe/fit-in/300x300/filters:fill(white)/product/39/9343914/1.jpg?1943,https://www.jumia.com.ng/galaxy-s26-ultra-6.9-12gb-ram-256gb-rom-android-16-200105050mp-12mp-selfie-snapdragon-5g-dual-nano-sim-5000mah-black-samsung-mpg11967800.html,10.0,0.0,0,High,0.0,samsung galaxy s26 ultra,12GB,256GB,Not Specified,5000mAh,Black,"6.9"" ( RAM ROM) Android 16 (200 10 50 50)MP 12MP Selfie Snapdragon 5G Dual o Sim"
Apple IPhone 16 Pro Max - 8GB - 512GB - Single Sim - 5G - Black Titanium,2150000,https://ng.jumia.is/unsafe/fit-in/300x300/filters:fill(white)/product/01/0138114/1.jpg?4038,https://www.jumia.com.ng/apple-iphone-16-pro-max-8gb-512gb-single-sim-5g-black-titanium-411831010.html,0.0,0.0,0,High,0.0,apple iphone 16 pro max,8GB,512GB,Not Specified,non,Titanium,Pro Max 8GB 512GB Single Sim 5G Titanium
Samsung Galaxy S25 Ultra Dual SIM - 12GB - 1TB - 5G - Titanium  Black,2199000,https://ng.jumia.is/unsafe/fit-in/300x300/filters:fill(white)/product/23/3457104/1.jpg?6521,https://www.jumia.com.ng/samsung-galaxy-s25-ultra-dual-sim-12gb-1tb-5g-titanium-black-401754332.html,21.0,0.0,0,High,0.0,samsung galaxy s25 ultra,NOT SPECIFIED,NOT SPECIFIED,Not Specified,non,Titanium,Dual SIM 12GB 1TB 5G Titanium
"Apple iPhone 17 Pro - 6.3"" - 256GB - 12GB - iOS 26 - Single Nano Sim - Silver",2200000,https://ng.jumia.is/unsafe/fit-in/300x300/filters:fill(white)/product/89/4567814/1.jpg?4920,https://www.jumia.com.ng/apple-iphone-17-pro-6.3-256gb-12gb-ios-26-single-nano-sim-silver-418765498.html,0.0,0.0,0,High,0.0,apple iphone 17 pro,12GB,256GB,Not Specified,non,Silver,"Pro 6.3"" 256GB 12GB iOS 26 Single o Sim"
Apple IPhone 17 Pro - 12GB- 256GB - Deep Blue,2350000,https://ng.jumia.is/unsafe/fit-in/300x300/filters:fill(white)/product/56/7477814/1.jpg?3188,https://www.jumia.com.ng/apple-iphone-17-pro-12gb-256gb-deep-blue-418774765.html,10.0,0.0,0,High,0.0,apple iphone 17 pro,12GB,256GB,Not Specified,non,Blue,Pro 12GB 256GB Deep
Apple IPhone 17 Pro - 12GB- 256GB - Cosmic Orange,2350000,https://ng.jumia.is/unsafe/fit-in/300x300/filters:fill(white)/product/08/6187814/1.jpg?3232,https://www.jumia.com.ng/apple-iphone-17-pro-12gb-256gb-cosmic-orange-418781680.html,10.0,0.0,0,High,0.0,apple iphone 17 pro,12GB,256GB,Not Specified,non,Orange,Pro 12GB 256GB Cosmic
"Apple iPhone 17 Pro Max - 6.9"" - 256GB - 12GB - iOS 26 - Single Sim - Silver",2440000,https://ng.jumia.is/unsafe/fit-in/300x300/filters:fill(white)/product/51/4567814/1.jpg?3096,https://www.jumia.com.ng/apple-iphone-17-pro-max-6.9-256gb-12gb-ios-26-single-sim-silver-418765415.html,0.0,0.0,0,High,0.0,apple iphone 17 pro max,12GB,256GB,Not Specified,non,Silver,"Pro Max 6.9"" 256GB 12GB iOS 26 Single Sim"
"Apple iPhone 17 Pro Max - 6.9"" - 256GB - 12GB - iOS 26 - Single Sim - Cosmic Orange",2440000,https://ng.jumia.is/unsafe/fit-in/300x300/filters:fill(white)/product/98/3567814/1.jpg?2625,https://www.jumia.com.ng/apple-iphone-17-pro-max-6.9-256gb-12gb-ios-26-single-sim-cosmic-orange-418765389.html,0.0,0.0,0,High,0.0,apple iphone 17 pro max,12GB,256GB,Not Specified,non,Orange,"Pro Max 6.9"" 256GB 12GB iOS 26 Single Sim Cosmic"
Apple iPhone 17 Pro Max - 256GB - Cosmic Orange,2450999,https://ng.jumia.is/unsafe/fit-in/300x300/filters:fill(white)/product/98/7988814/1.jpg?3750,https://www.jumia.com.ng/apple-iphone-17-pro-max-256gb-cosmic-orange-418889789.html,52.0,0.0,0,High,0.0,apple iphone 17 pro max,NOT SPECIFIED,NOT SPECIFIED,Not Specified,non,Orange,Pro Max 256GB Cosmic
"Samsung Galaxy S26 Ultra - 6.9"" (16GB RAM, 1TB ROM) Android 16 (200/10/50/50)MP + 12MP Selfie - Snapdragon 5G - Dual Nano SIM - 5000mAh - Black",2700000,https://ng.jumia.is/unsafe/fit-in/300x300/filters:fill(white)/product/10/5073914/1.jpg?8679,https://www.jumia.com.ng/samsung-galaxy-s26-ultra-6.9-16gb-ram-1tb-rom-android-16-200105050mp-12mp-selfie-snapdragon-5g-dual-nano-sim-5000mah-black-419370501.html,10.0,0.0,0,High,0.0,samsung galaxy s26 ultra,16GB,NOT SPECIFIED,Not Specified,5000mAh,Black,"6.9"" ( RAM 1TB ROM) Android 16 (200 10 50 50)MP 12MP Selfie Snapdragon 5G Dual o SIM"
"Apple iPhone 17 Pro Max - 6.9"" - 512GB - 12GB - iOS 26 - Single Sim - Deep Blue",2800000,https://ng.jumia.is/unsafe/fit-in/300x300/filters:fill(white)/product/15/4567814/1.jpg?3781,https://www.jumia.com.ng/apple-iphone-17-pro-max-6.9-512gb-12gb-ios-26-single-sim-deep-blue-418765451.html,0.0,0.0,0,High,0.0,apple iphone 17 pro max,12GB,512GB,Not Specified,non,Blue,"Pro Max 6.9"" 512GB 12GB iOS 26 Single Sim Deep"
"Apple iPhone 17 Pro Max - 6.9"" - 512GB - 12GB - iOS 26 - Single Sim - Silver",2800000,https://ng.jumia.is/unsafe/fit-in/300x300/filters:fill(white)/product/55/4567814/1.jpg?3870,https://www.jumia.com.ng/apple-iphone-17-pro-max-6.9-512gb-12gb-ios-26-single-sim-silver-418765455.html,0.0,4.5,2,High,5e-06,apple iphone 17 pro max,12GB,512GB,Not Specified,non,Silver,"Pro Max 6.9"" 512GB 12GB iOS 26 Single Sim"
"Apple iPhone 17 Pro Max - 6.9"" - 512GB - 12GB - iOS 26 - Single Sim - Cosmic Orange",2800000,https://ng.jumia.is/unsafe/fit-in/300x300/filters:fill(white)/product/74/4567814/1.jpg?3696,https://www.jumia.com.ng/apple-iphone-17-pro-max-6.9-512gb-12gb-ios-26-single-sim-cosmic-orange-418765447.html,0.0,0.0,0,High,0.0,apple iphone 17 pro max,12GB,512GB,Not Specified,non,Orange,"Pro Max 6.9"" 512GB 12GB iOS 26 Single Sim Cosmic"
"Apple iPhone 17 Pro Max - 6.9"" - 1TB - 12GB - iOS 26 - Physical Sim & eSim - Cosmic Orange",3200000,https://ng.jumia.is/unsafe/fit-in/300x300/filters:fill(white)/product/43/1591914/1.jpg?4463,https://www.jumia.com.ng/apple-iphone-17-pro-max-6.9-1tb-12gb-ios-26-physical-sim-esim-cosmic-orange-419195134.html,0.0,0.0,0,High,0.0,apple iphone 17 pro max,NOT SPECIFIED,NOT SPECIFIED,Not Specified,non,Orange,"Pro Max 6.9"" 1TB 12GB iOS 26 Physical Sim & eSim Cosmic"
"Apple iPhone 17 Pro Max - 6.9"" - 1TB - 12GB - iOS 26 - Physical Sim & eSim - Silver",3250000,https://ng.jumia.is/unsafe/fit-in/300x300/filters:fill(white)/product/72/1591914/1.jpg?4375,https://www.jumia.com.ng/apple-iphone-17-pro-max-6.9-1tb-12gb-ios-26-physical-sim-esim-silver-419195127.html,0.0,0.0,0,High,0.0,apple iphone 17 pro max,NOT SPECIFIED,NOT SPECIFIED,Not Specified,non,Silver,"Pro Max 6.9"" 1TB 12GB iOS 26 Physical Sim & eSim"
Apple IPhone 17 Pro Max - 12GB- 1TB - Silver,3299000,https://ng.jumia.is/unsafe/fit-in/300x300/filters:fill(white)/product/86/6187814/1.jpg?3230,https://www.jumia.com.ng/apple-iphone-17-pro-max-12gb-1tb-silver-418781668.html,23.0,0.0,0,High,0.0,apple iphone 17 pro max,NOT SPECIFIED,NOT SPECIFIED,Not Specified,non,Silver,Pro Max 12GB 1TB
Apple IPhone 17 Pro Max - 12GB- 1TB - Cosmic Orange,3299000,https://ng.jumia.is/unsafe/fit-in/300x300/filters:fill(white)/product/73/4187814/1.jpg?3186,https://www.jumia.com.ng/apple-iphone-17-pro-max-12gb-1tb-cosmic-orange-418781437.html,23.0,0.0,0,High,0.0,apple iphone 17 pro max,NOT SPECIFIED,NOT SPECIFIED,Not Specified,non,Orange,Pro Max 12GB 1TB Cosmic
